hour_start_utc,tick_count
2026-08-04T01:00:00+00:00,2097
2026-08-04T03:00:00+00:00,1872
2026-08-04T02:00:00+00:00,1593
2026-08-04T00:00:00+00:00,2130
2026-08-04T04:00:00+00:00,1061
2026-08-04T05:00:00+00:00,1493
2026-08-04T06:00:00+00:00,2322
2026-08-04T07:00:00+00:00,2239
2026-08-04T08:00:00+00:00,2450
2026-08-04T09:00:00+00:00,1926
2026-08-04T10:00:00+00:00,2878
2026-08-04T11:00:00+00:00,3406
2026-08-04T12:00:00+00:00,2863
2026-08-04T13:00:00+00:00,4698
2026-08-04T14:00:00+00:00,3698
2026-08-04T15:00:00+00:00,3084
2026-08-04T16:00:00+00:00,1626
2026-08-04T17:00:00+00:00,1584
2026-08-04T18:00:00+00:00,1458
2026-08-04T19:00:00+00:00,1386
2026-08-04T20:00:00+00:00,813
2026-08-04T21:00:00+00:00,510
2026-08-04T22:00:00+00:00,556
2026-08-04T23:00:00+00:00,849
2024-01-01T03:00:00+00:00,0
2024-01-01T12:00:00+00:00,0
2024-01-01T13:00:00+00:00,0
2024-01-01T14:00:00+00:00,0
2024-01-01T15:00:00+00:00,0
2024-01-01T16:00:00+00:00,0
2024-01-01T17:00:00+00:00,0
2024-01-01T18:00:00+00:00,0
2024-01-01T19:00:00+00:00,0
2024-01-01T20:00:00+00:00,0
2024-01-01T21:00:00+00:00,0
2024-01-01T22:00:00+00:00,380
2024-01-01T23:00:00+00:00,1244
2024-01-02T00:00:00+00:00,1432
2024-01-02T01:00:00+00:00,2570
2024-01-02T02:00:00+00:00,2501
2024-01-02T03:00:00+00:00,1806
2024-01-02T04:00:00+00:00,1738
2024-01-02T05:00:00+00:00,1883
2024-01-02T06:00:00+00:00,1995
2024-01-02T07:00:00+00:00,5682
2024-01-02T08:00:00+00:00,7130
2024-01-02T09:00:00+00:00,5524
2024-01-02T10:00:00+00:00,5626
2024-01-02T11:00:00+00:00,7153
2024-01-02T14:00:00+00:00,9655
2024-01-02T16:00:00+00:00,5775
2024-01-02T17:00:00+00:00,4291
2024-01-02T18:00:00+00:00,3139
2024-01-02T19:00:00+00:00,2775
2024-01-02T20:00:00+00:00,3080
2024-01-02T21:00:00+00:00,2119
2024-01-02T22:00:00+00:00,1366
2024-01-02T23:00:00+00:00,996
2024-01-03T00:00:00+00:00,1360
2024-01-03T01:00:00+00:00,2299
2024-01-03T02:00:00+00:00,1509
2024-01-03T03:00:00+00:00,1673
2024-01-03T04:00:00+00:00,1256
2024-01-03T05:00:00+00:00,1670
2024-01-03T06:00:00+00:00,1832
2024-01-03T07:00:00+00:00,4544
2024-01-01T10:00:00+00:00,0
2024-01-03T08:00:00+00:00,6639
2024-01-03T09:00:00+00:00,5158
2024-01-03T10:00:00+00:00,3788
2024-01-03T11:00:00+00:00,4897
2024-01-03T12:00:00+00:00,4974
2024-01-03T13:00:00+00:00,8818
2024-01-03T14:00:00+00:00,9118
2024-01-03T15:00:00+00:00,15537
2024-01-03T16:00:00+00:00,7901
2024-01-03T18:00:00+00:00,4798
2024-01-03T17:00:00+00:00,4419
2024-01-03T19:00:00+00:00,12242
2024-01-03T20:00:00+00:00,5781
2024-01-02T13:00:00+00:00,7287
2024-01-02T15:00:00+00:00,10848
2024-01-03T21:00:00+00:00,1942
2024-01-02T12:00:00+00:00,5056
2024-01-03T22:00:00+00:00,1565
2024-01-03T23:00:00+00:00,1269
2024-01-04T00:00:00+00:00,2050
2024-01-04T01:00:00+00:00,2082
2024-01-04T02:00:00+00:00,1464
2024-01-04T03:00:00+00:00,1874
2024-01-04T04:00:00+00:00,1562
2024-01-04T05:00:00+00:00,2080
2024-01-04T06:00:00+00:00,3563
2024-01-04T07:00:00+00:00,5623
2024-01-04T08:00:00+00:00,7422
2024-01-04T09:00:00+00:00,6497
2024-01-04T10:00:00+00:00,4752
2024-01-04T11:00:00+00:00,3130
2024-01-04T12:00:00+00:00,3617
2024-01-04T13:00:00+00:00,9489
2024-01-04T14:00:00+00:00,8878
2024-01-04T15:00:00+00:00,9193
2024-01-04T16:00:00+00:00,5983
2024-01-04T17:00:00+00:00,3741
2024-01-04T19:00:00+00:00,2407
2024-01-04T18:00:00+00:00,3257
2024-01-04T20:00:00+00:00,3401
2024-01-04T22:00:00+00:00,1992
2024-01-04T21:00:00+00:00,2167
2024-01-04T23:00:00+00:00,817
2024-01-05T00:00:00+00:00,1373
2024-01-05T01:00:00+00:00,2991
2024-01-05T02:00:00+00:00,1901
2024-01-05T04:00:00+00:00,1132
2024-01-05T03:00:00+00:00,1908
2024-01-05T05:00:00+00:00,1904
2024-01-05T06:00:00+00:00,2650
2024-01-05T07:00:00+00:00,3588
2024-01-05T08:00:00+00:00,5274
2024-01-05T09:00:00+00:00,5583
2024-01-05T10:00:00+00:00,4109
2024-01-05T11:00:00+00:00,2994
2024-01-05T12:00:00+00:00,3408
2024-01-05T15:00:00+00:00,18322
2024-01-05T17:00:00+00:00,7818
2024-01-05T18:00:00+00:00,5130
2024-01-05T19:00:00+00:00,4537
2024-01-05T20:00:00+00:00,3834
2024-01-05T21:00:00+00:00,2848
2024-01-05T22:00:00+00:00,0
2024-01-05T23:00:00+00:00,0
2024-01-07T00:00:00+00:00,0
2024-01-07T01:00:00+00:00,0
2024-01-07T02:00:00+00:00,0
2024-01-07T03:00:00+00:00,0
2024-01-07T04:00:00+00:00,0
2024-01-07T05:00:00+00:00,0
2024-01-07T06:00:00+00:00,0
2024-01-07T07:00:00+00:00,0
2024-01-07T08:00:00+00:00,0
2024-01-07T09:00:00+00:00,0
2024-01-07T10:00:00+00:00,0
2024-01-07T11:00:00+00:00,0
2024-01-07T12:00:00+00:00,0
2024-01-07T13:00:00+00:00,0
2024-01-07T14:00:00+00:00,0
2024-01-07T15:00:00+00:00,0
2024-01-07T16:00:00+00:00,0
2024-01-07T17:00:00+00:00,0
2024-01-07T18:00:00+00:00,0
2024-01-07T20:00:00+00:00,0
2024-01-07T19:00:00+00:00,0
2024-01-07T21:00:00+00:00,0
2024-01-07T22:00:00+00:00,816
2024-01-08T00:00:00+00:00,1229
2024-01-07T23:00:00+00:00,1298
2024-01-08T01:00:00+00:00,2004
2024-01-08T02:00:00+00:00,1892
2024-01-08T03:00:00+00:00,1656
2024-01-08T05:00:00+00:00,1521
2024-01-08T04:00:00+00:00,1282
2024-01-08T06:00:00+00:00,2090
2024-01-08T07:00:00+00:00,4622
2024-01-08T08:00:00+00:00,7178
2024-01-08T09:00:00+00:00,5290
2024-01-08T10:00:00+00:00,4682
2024-01-08T11:00:00+00:00,4124
2024-01-08T12:00:00+00:00,4496
2024-01-08T13:00:00+00:00,6880
2024-01-08T14:00:00+00:00,8928
2024-01-08T15:00:00+00:00,7435
2024-01-08T16:00:00+00:00,5952
2024-01-08T17:00:00+00:00,3379
2024-01-08T18:00:00+00:00,2576
2024-01-08T19:00:00+00:00,2902
2024-01-08T20:00:00+00:00,3413
2024-01-08T21:00:00+00:00,2014
2024-01-08T22:00:00+00:00,1532
2024-01-08T23:00:00+00:00,796
2024-01-09T00:00:00+00:00,2178
2024-01-09T01:00:00+00:00,2597
2024-01-09T03:00:00+00:00,1644
2024-01-09T04:00:00+00:00,1267
2024-01-09T05:00:00+00:00,1463
2024-01-09T06:00:00+00:00,2300
2024-01-09T07:00:00+00:00,4330
2024-01-09T08:00:00+00:00,5893
2024-01-09T09:00:00+00:00,4912
2024-01-09T10:00:00+00:00,4508
2024-01-09T11:00:00+00:00,3475
2024-01-09T12:00:00+00:00,4802
2024-01-09T13:00:00+00:00,7642
2024-01-09T14:00:00+00:00,8526
2024-01-09T15:00:00+00:00,8622
2024-01-09T16:00:00+00:00,6193
2024-01-09T17:00:00+00:00,4435
2024-01-09T18:00:00+00:00,4420
2024-01-09T19:00:00+00:00,3100
2024-01-09T20:00:00+00:00,3832
2024-01-09T21:00:00+00:00,1896
2024-01-09T22:00:00+00:00,3029
2024-01-09T23:00:00+00:00,456
2024-01-10T00:00:00+00:00,1855
2024-01-05T14:00:00+00:00,15320
2024-01-10T01:00:00+00:00,2309
2024-01-10T02:00:00+00:00,1985
2024-01-10T03:00:00+00:00,1925
2024-01-10T04:00:00+00:00,1046
2024-01-10T05:00:00+00:00,1288
2024-01-10T06:00:00+00:00,2088
2024-01-10T07:00:00+00:00,5375
2024-01-10T08:00:00+00:00,5814
2024-01-10T09:00:00+00:00,3936
2024-01-10T10:00:00+00:00,3745
2024-01-10T11:00:00+00:00,3113
2024-01-10T12:00:00+00:00,3083
2024-01-10T13:00:00+00:00,4963
2024-01-10T14:00:00+00:00,5576
2024-01-10T15:00:00+00:00,7018
2024-01-10T16:00:00+00:00,4696
2024-01-10T17:00:00+00:00,3003
2024-01-10T18:00:00+00:00,2910
2024-01-10T19:00:00+00:00,2253
2024-01-10T20:00:00+00:00,4964
2024-01-05T13:00:00+00:00,16196
2024-01-10T21:00:00+00:00,2088
2024-01-10T22:00:00+00:00,2906
2024-01-10T23:00:00+00:00,757
2024-01-11T01:00:00+00:00,3565
2024-01-11T00:00:00+00:00,2613
2024-01-11T02:00:00+00:00,2282
2024-01-11T03:00:00+00:00,1274
2024-01-11T04:00:00+00:00,1328
2024-01-11T06:00:00+00:00,1811
2024-01-11T05:00:00+00:00,1799
2024-01-11T07:00:00+00:00,2931
2024-01-11T08:00:00+00:00,4641
2024-01-11T09:00:00+00:00,4174
2024-01-11T10:00:00+00:00,4043
2024-01-11T11:00:00+00:00,4030
2024-01-11T12:00:00+00:00,3429
2024-01-11T13:00:00+00:00,16490
2024-01-11T14:00:00+00:00,16782
2024-01-11T15:00:00+00:00,14570
2024-01-11T16:00:00+00:00,10730
2024-01-11T17:00:00+00:00,7076
2024-01-11T18:00:00+00:00,5265
2024-01-11T19:00:00+00:00,5542
2024-01-11T20:00:00+00:00,6380
2024-01-11T21:00:00+00:00,3118
2024-01-11T22:00:00+00:00,1699
2024-01-11T23:00:00+00:00,1239
2024-01-12T00:00:00+00:00,2347
2024-01-12T01:00:00+00:00,2752
2024-01-12T02:00:00+00:00,2410
2024-01-12T03:00:00+00:00,990
2024-01-12T04:00:00+00:00,1296
2024-01-12T05:00:00+00:00,1682
2024-01-12T06:00:00+00:00,1426
2024-01-12T07:00:00+00:00,4697
2024-01-12T08:00:00+00:00,5434
2024-01-12T09:00:00+00:00,4715
2024-01-12T10:00:00+00:00,3639
2024-01-09T02:00:00+00:00,1953
2024-01-12T11:00:00+00:00,3851
2024-01-12T12:00:00+00:00,4601
2024-01-12T13:00:00+00:00,12241
2024-01-12T14:00:00+00:00,11653
2024-01-12T15:00:00+00:00,9727
2024-01-12T16:00:00+00:00,6932
2024-01-12T17:00:00+00:00,4369
2024-01-12T18:00:00+00:00,2941
2024-01-12T19:00:00+00:00,2629
2024-01-12T20:00:00+00:00,2715
2024-01-12T21:00:00+00:00,3348
2024-01-12T22:00:00+00:00,0
2024-01-12T23:00:00+00:00,0
2024-01-14T00:00:00+00:00,0
2024-01-14T01:00:00+00:00,0
2024-01-14T02:00:00+00:00,0
2024-01-14T03:00:00+00:00,0
2024-01-14T04:00:00+00:00,0
2024-01-14T05:00:00+00:00,0
2024-01-14T07:00:00+00:00,0
2024-01-14T06:00:00+00:00,0
2024-01-14T08:00:00+00:00,0
2024-01-14T09:00:00+00:00,0
2024-01-14T10:00:00+00:00,0
2024-01-14T11:00:00+00:00,0
2024-01-14T12:00:00+00:00,0
2024-01-14T13:00:00+00:00,0
2024-01-14T14:00:00+00:00,0
2024-01-14T15:00:00+00:00,0
2024-01-14T16:00:00+00:00,0
2024-01-14T17:00:00+00:00,0
2024-01-14T18:00:00+00:00,0
2024-01-14T19:00:00+00:00,0
2024-01-14T20:00:00+00:00,0
2024-01-14T21:00:00+00:00,0
2024-01-14T22:00:00+00:00,1050
2024-01-14T23:00:00+00:00,1133
2024-01-15T00:00:00+00:00,3102
2024-01-15T01:00:00+00:00,2284
2024-01-15T02:00:00+00:00,1859
2024-01-15T03:00:00+00:00,1646
2024-01-15T04:00:00+00:00,1010
2024-01-15T05:00:00+00:00,1318
2024-01-15T06:00:00+00:00,1733
2024-01-15T08:00:00+00:00,5087
2024-01-15T07:00:00+00:00,4046
2024-01-15T09:00:00+00:00,4252
2024-01-15T10:00:00+00:00,4201
2024-01-15T11:00:00+00:00,3079
2024-01-15T12:00:00+00:00,4214
2024-01-15T13:00:00+00:00,4432
2024-01-15T14:00:00+00:00,3952
2024-01-15T15:00:00+00:00,4023
2024-01-15T16:00:00+00:00,2394
2024-01-15T17:00:00+00:00,1202
2024-01-15T18:00:00+00:00,425
2024-01-15T19:00:00+00:00,576
2024-01-15T20:00:00+00:00,472
2024-01-15T21:00:00+00:00,384
2024-01-15T22:00:00+00:00,4801
2024-01-15T23:00:00+00:00,1447
2024-01-16T00:00:00+00:00,2974
2024-01-16T01:00:00+00:00,4796
2024-01-16T02:00:00+00:00,2398
2024-01-16T03:00:00+00:00,1827
2024-01-16T04:00:00+00:00,1444
2024-01-16T05:00:00+00:00,1845
2024-01-16T06:00:00+00:00,2694
2024-01-16T07:00:00+00:00,4983
2024-01-16T08:00:00+00:00,9136
2024-01-16T09:00:00+00:00,7393
2024-01-16T10:00:00+00:00,4585
2024-01-16T11:00:00+00:00,4771
2024-01-16T12:00:00+00:00,4262
2024-01-16T14:00:00+00:00,11028
2024-01-16T13:00:00+00:00,11097
2024-01-16T15:00:00+00:00,8027
2024-01-16T16:00:00+00:00,15538
2024-01-16T17:00:00+00:00,6411
2024-01-16T18:00:00+00:00,4083
2024-01-16T19:00:00+00:00,2949
2024-01-16T20:00:00+00:00,3215
2024-01-16T22:00:00+00:00,1939
2024-01-16T21:00:00+00:00,1312
2024-01-16T23:00:00+00:00,580
2024-01-17T01:00:00+00:00,2607
2024-01-17T00:00:00+00:00,1761
2024-01-17T02:00:00+00:00,1933
2024-01-17T03:00:00+00:00,2232
2024-01-17T04:00:00+00:00,1467
2024-01-17T05:00:00+00:00,2444
2024-01-17T07:00:00+00:00,6750
2024-01-17T06:00:00+00:00,3502
2024-01-17T08:00:00+00:00,6900
2024-01-17T09:00:00+00:00,5322
2024-01-17T10:00:00+00:00,4995
2024-01-17T11:00:00+00:00,4009
2024-01-17T12:00:00+00:00,3729
2024-01-17T13:00:00+00:00,10647
2024-01-17T14:00:00+00:00,9668
2024-01-17T15:00:00+00:00,9576
2024-01-17T16:00:00+00:00,6781
2024-01-17T17:00:00+00:00,4338
2024-01-17T18:00:00+00:00,4431
2024-01-17T19:00:00+00:00,3385
2024-01-17T20:00:00+00:00,2640
2024-01-17T21:00:00+00:00,1390
2024-01-17T22:00:00+00:00,2497
2024-01-17T23:00:00+00:00,1185
2024-01-18T00:00:00+00:00,2466
2024-01-18T01:00:00+00:00,4708
2024-01-18T02:00:00+00:00,2297
2024-01-18T03:00:00+00:00,2314
2024-01-18T04:00:00+00:00,1550
2024-01-18T05:00:00+00:00,1999
2024-01-18T06:00:00+00:00,2790
2024-01-18T07:00:00+00:00,3981
2024-01-18T08:00:00+00:00,5277
2024-01-18T09:00:00+00:00,5375
2024-01-18T10:00:00+00:00,3673
2024-01-18T11:00:00+00:00,3178
2024-01-18T12:00:00+00:00,4330
2024-01-18T13:00:00+00:00,10701
2024-01-18T14:00:00+00:00,12222
2024-01-18T16:00:00+00:00,6726
2024-01-18T15:00:00+00:00,11247
2024-01-18T17:00:00+00:00,4874
2024-01-18T18:00:00+00:00,4460
2024-01-18T19:00:00+00:00,4167
2024-01-18T20:00:00+00:00,3643
2024-01-18T21:00:00+00:00,2005
2024-01-18T22:00:00+00:00,2337
2024-01-19T00:00:00+00:00,1724
2024-01-18T23:00:00+00:00,1069
2024-01-19T01:00:00+00:00,2604
2024-01-19T02:00:00+00:00,2165
2024-01-19T03:00:00+00:00,1424
2024-01-19T04:00:00+00:00,962
2024-01-19T05:00:00+00:00,1883
2024-01-19T06:00:00+00:00,2232
2024-01-19T07:00:00+00:00,3876
2024-01-19T08:00:00+00:00,4185
2024-01-19T09:00:00+00:00,4440
2024-01-19T10:00:00+00:00,3761
2024-01-19T11:00:00+00:00,2859
2024-01-19T12:00:00+00:00,3061
2024-01-19T13:00:00+00:00,5761
2024-01-19T14:00:00+00:00,7307
2024-01-19T15:00:00+00:00,11227
2024-01-19T17:00:00+00:00,4700
2024-01-19T18:00:00+00:00,2822
2024-01-19T19:00:00+00:00,2973
2024-01-19T21:00:00+00:00,2974
2024-01-19T20:00:00+00:00,3249
2024-01-19T22:00:00+00:00,0
2024-01-19T23:00:00+00:00,0
2024-01-21T00:00:00+00:00,0
2024-01-21T01:00:00+00:00,0
2024-01-21T02:00:00+00:00,0
2024-01-21T03:00:00+00:00,0
2024-01-21T04:00:00+00:00,0
2024-01-21T05:00:00+00:00,0
2024-01-21T06:00:00+00:00,0
2024-01-21T07:00:00+00:00,0
2024-01-21T08:00:00+00:00,0
2024-01-21T10:00:00+00:00,0
2024-01-21T09:00:00+00:00,0
2024-01-21T11:00:00+00:00,0
2024-01-21T12:00:00+00:00,0
2024-01-21T13:00:00+00:00,0
2024-01-21T14:00:00+00:00,0
2024-01-21T15:00:00+00:00,0
2024-01-21T16:00:00+00:00,0
2024-01-21T17:00:00+00:00,0
2024-01-21T18:00:00+00:00,0
2024-01-21T19:00:00+00:00,0
2024-01-21T20:00:00+00:00,0
2024-01-21T21:00:00+00:00,0
2024-01-21T22:00:00+00:00,2021
2024-01-21T23:00:00+00:00,1707
2024-01-22T00:00:00+00:00,2061
2024-01-22T01:00:00+00:00,2699
2024-01-22T02:00:00+00:00,1827
2024-01-22T03:00:00+00:00,1499
2024-01-22T04:00:00+00:00,1099
2024-01-22T05:00:00+00:00,1562
2024-01-22T06:00:00+00:00,2194
2024-01-22T07:00:00+00:00,3544
2024-01-22T09:00:00+00:00,3519
2024-01-22T10:00:00+00:00,2941
2024-01-22T11:00:00+00:00,3225
2024-01-22T12:00:00+00:00,3776
2024-01-22T13:00:00+00:00,6012
2024-01-22T14:00:00+00:00,6134
2024-01-22T15:00:00+00:00,5332
2024-01-22T16:00:00+00:00,3698
2024-01-22T17:00:00+00:00,2530
2024-01-22T18:00:00+00:00,3273
2024-01-22T19:00:00+00:00,2590
2024-01-22T20:00:00+00:00,2400
2024-01-22T21:00:00+00:00,1551
2024-01-22T22:00:00+00:00,3347
2024-01-22T23:00:00+00:00,1189
2024-01-23T00:00:00+00:00,1086
2024-01-23T01:00:00+00:00,2042
2024-01-23T02:00:00+00:00,3107
2024-01-23T04:00:00+00:00,1260
2024-01-23T03:00:00+00:00,2586
2024-01-23T05:00:00+00:00,1908
2024-01-23T07:00:00+00:00,5226
2024-01-23T06:00:00+00:00,3365
2024-01-23T08:00:00+00:00,5003
2024-01-23T09:00:00+00:00,4131
2024-01-23T10:00:00+00:00,3866
2024-01-23T11:00:00+00:00,4670
2024-01-23T12:00:00+00:00,3817
2024-01-23T13:00:00+00:00,4915
2024-01-23T14:00:00+00:00,7470
2024-01-23T15:00:00+00:00,8810
2024-01-23T16:00:00+00:00,5643
2024-01-23T17:00:00+00:00,3827
2024-01-23T18:00:00+00:00,3482
2024-01-23T19:00:00+00:00,2691
2024-01-23T20:00:00+00:00,2081
2024-01-23T22:00:00+00:00,1876
2024-01-23T21:00:00+00:00,1821
2024-01-23T23:00:00+00:00,768
2024-01-24T00:00:00+00:00,1551
2024-01-24T01:00:00+00:00,3106
2024-01-24T02:00:00+00:00,1817
2024-01-24T03:00:00+00:00,1970
2024-01-24T05:00:00+00:00,2087
2024-01-24T04:00:00+00:00,1908
2024-01-24T06:00:00+00:00,2237
2024-01-24T07:00:00+00:00,4499
2024-01-24T08:00:00+00:00,7472
2024-01-24T09:00:00+00:00,6995
2024-01-24T10:00:00+00:00,4438
2024-01-24T11:00:00+00:00,3780
2024-01-24T12:00:00+00:00,4202
2024-01-24T13:00:00+00:00,7446
2024-01-24T14:00:00+00:00,11281
2024-01-24T15:00:00+00:00,12196
2024-01-24T16:00:00+00:00,7987
2024-01-24T17:00:00+00:00,3834
2024-01-24T18:00:00+00:00,5056
2024-01-24T19:00:00+00:00,3999
2024-01-24T20:00:00+00:00,3883
2024-01-24T21:00:00+00:00,1904
2024-01-24T22:00:00+00:00,1322
2024-01-22T08:00:00+00:00,5487
2024-01-24T23:00:00+00:00,894
2024-01-25T00:00:00+00:00,2418
2024-01-25T01:00:00+00:00,2874
2024-01-25T02:00:00+00:00,1925
2024-01-25T03:00:00+00:00,1496
2024-01-25T05:00:00+00:00,1312
2024-01-25T04:00:00+00:00,1033
2024-01-25T06:00:00+00:00,1902
2024-01-25T07:00:00+00:00,2823
2024-01-25T08:00:00+00:00,5198
2024-01-25T09:00:00+00:00,4854
2024-01-25T10:00:00+00:00,3862
2024-01-25T11:00:00+00:00,3085
2024-01-25T12:00:00+00:00,3298
2024-01-25T13:00:00+00:00,15537
2024-01-25T14:00:00+00:00,15784
2024-01-25T15:00:00+00:00,12075
2024-01-25T16:00:00+00:00,6643
2024-01-25T17:00:00+00:00,5944
2024-01-25T18:00:00+00:00,5462
2024-01-25T19:00:00+00:00,4357
2024-01-25T20:00:00+00:00,2974
2024-01-25T21:00:00+00:00,1799
2024-01-25T22:00:00+00:00,1812
2024-01-25T23:00:00+00:00,998
2024-01-26T00:00:00+00:00,1874
2024-01-26T01:00:00+00:00,2101
2024-01-26T02:00:00+00:00,1646
2024-01-26T03:00:00+00:00,1061
2024-01-26T04:00:00+00:00,984
2024-01-26T05:00:00+00:00,1612
2024-01-26T06:00:00+00:00,2196
2024-01-26T07:00:00+00:00,5333
2024-01-26T08:00:00+00:00,6297
2024-01-26T09:00:00+00:00,6088
2024-01-26T11:00:00+00:00,4564
2024-01-26T10:00:00+00:00,3617
2024-01-26T12:00:00+00:00,3372
2024-01-26T13:00:00+00:00,11306
2024-01-26T14:00:00+00:00,9311
2024-01-26T15:00:00+00:00,8031
2024-01-26T16:00:00+00:00,4383
2024-01-26T17:00:00+00:00,3723
2024-01-26T18:00:00+00:00,2619
2024-01-26T19:00:00+00:00,2307
2024-01-26T20:00:00+00:00,2062
2024-01-26T21:00:00+00:00,2174
2024-01-26T22:00:00+00:00,0
2024-01-26T23:00:00+00:00,0
2024-01-28T00:00:00+00:00,0
2024-01-28T01:00:00+00:00,0
2024-01-28T03:00:00+00:00,0
2024-01-28T02:00:00+00:00,0
2024-01-28T04:00:00+00:00,0
2024-01-28T06:00:00+00:00,0
2024-01-28T05:00:00+00:00,0
2024-01-28T07:00:00+00:00,0
2024-01-28T08:00:00+00:00,0
2024-01-28T09:00:00+00:00,0
2024-01-28T10:00:00+00:00,0
2024-01-28T12:00:00+00:00,0
2024-01-28T11:00:00+00:00,0
2024-01-28T13:00:00+00:00,0
2024-01-28T14:00:00+00:00,0
2024-01-28T15:00:00+00:00,0
2024-01-28T16:00:00+00:00,0
2024-01-28T17:00:00+00:00,0
2024-01-28T18:00:00+00:00,0
2024-01-28T20:00:00+00:00,0
2024-01-28T19:00:00+00:00,0
2024-01-28T21:00:00+00:00,0
2024-01-28T22:00:00+00:00,2158
2024-01-28T23:00:00+00:00,2719
2024-01-29T00:00:00+00:00,2018
2024-01-29T01:00:00+00:00,2219
2024-01-29T02:00:00+00:00,1666
2024-01-29T03:00:00+00:00,1333
2024-01-29T04:00:00+00:00,893
2024-01-29T05:00:00+00:00,1481
2024-01-29T06:00:00+00:00,2052
2024-01-29T07:00:00+00:00,3459
2024-01-29T08:00:00+00:00,4410
2024-01-29T09:00:00+00:00,4209
2024-01-29T10:00:00+00:00,3640
2024-01-29T11:00:00+00:00,2944
2024-01-29T12:00:00+00:00,3810
2024-01-29T13:00:00+00:00,5235
2024-01-29T14:00:00+00:00,5437
2024-01-29T15:00:00+00:00,5621
2024-01-29T16:00:00+00:00,4200
2024-01-29T17:00:00+00:00,2799
2024-01-29T18:00:00+00:00,2104
2024-01-29T19:00:00+00:00,2034
2024-01-29T20:00:00+00:00,5595
2024-01-29T21:00:00+00:00,1870
2024-01-29T22:00:00+00:00,1756
2024-01-29T23:00:00+00:00,1108
2024-01-30T00:00:00+00:00,2143
2024-01-30T01:00:00+00:00,2464
2024-01-30T02:00:00+00:00,1930
2024-01-30T03:00:00+00:00,1013
2024-01-30T04:00:00+00:00,1502
2024-01-30T05:00:00+00:00,1782
2024-01-30T06:00:00+00:00,2946
2024-01-30T07:00:00+00:00,4330
2024-01-30T09:00:00+00:00,3998
2024-01-30T08:00:00+00:00,6600
2024-01-30T10:00:00+00:00,3875
2024-01-30T12:00:00+00:00,3166
2024-01-30T13:00:00+00:00,6879
2024-01-30T11:00:00+00:00,3066
2024-01-30T15:00:00+00:00,11711
2024-01-30T17:00:00+00:00,3257
2024-01-30T19:00:00+00:00,2227
2024-01-30T14:00:00+00:00,7416
2024-01-30T20:00:00+00:00,2359
2024-01-30T16:00:00+00:00,5535
2024-01-30T18:00:00+00:00,2388
2024-01-30T21:00:00+00:00,1975
2024-01-30T22:00:00+00:00,2033
2024-01-30T23:00:00+00:00,864
2024-01-31T00:00:00+00:00,2096
2024-01-31T02:00:00+00:00,4498
2024-01-31T01:00:00+00:00,2869
2024-01-31T03:00:00+00:00,1662
2024-01-31T06:00:00+00:00,1583
2024-01-31T07:00:00+00:00,4341
2024-01-31T04:00:00+00:00,1877
2024-01-31T05:00:00+00:00,1456
2024-01-31T08:00:00+00:00,5860
2024-01-31T09:00:00+00:00,7342
2024-01-31T10:00:00+00:00,4069
2024-01-31T11:00:00+00:00,3014
2024-01-31T12:00:00+00:00,3377
2024-01-31T13:00:00+00:00,10851
2024-01-31T14:00:00+00:00,11131
2024-01-31T15:00:00+00:00,12792
2024-01-31T16:00:00+00:00,9593
2024-01-31T17:00:00+00:00,4566
2024-01-31T18:00:00+00:00,4083
2024-01-31T19:00:00+00:00,24515
2024-01-31T20:00:00+00:00,18096
2024-01-31T21:00:00+00:00,3923
2024-01-31T22:00:00+00:00,1003
2024-02-01T00:00:00+00:00,3737
2024-01-31T23:00:00+00:00,1363
2024-02-01T01:00:00+00:00,3493
2024-02-01T02:00:00+00:00,3076
2024-02-01T03:00:00+00:00,1844
2024-02-01T04:00:00+00:00,1760
2024-02-01T05:00:00+00:00,2375
2024-02-01T07:00:00+00:00,5416
2024-02-01T06:00:00+00:00,2407
2024-02-01T08:00:00+00:00,6881
2024-02-01T09:00:00+00:00,5205
2024-02-01T10:00:00+00:00,4352
2024-02-01T11:00:00+00:00,4334
2024-02-01T13:00:00+00:00,9082
2024-02-01T12:00:00+00:00,6309
2024-02-01T14:00:00+00:00,9033
2024-02-01T15:00:00+00:00,15207
2024-02-01T16:00:00+00:00,10894
2024-02-01T17:00:00+00:00,7458
2024-02-01T19:00:00+00:00,4699
2024-02-01T18:00:00+00:00,5448
2024-02-01T20:00:00+00:00,3065
2024-02-01T22:00:00+00:00,2258
2024-02-01T21:00:00+00:00,2713
2024-02-01T23:00:00+00:00,1119
2024-02-02T01:00:00+00:00,2905
2024-02-02T00:00:00+00:00,1963
2024-02-02T02:00:00+00:00,2036
2024-02-02T03:00:00+00:00,2174
2024-02-02T04:00:00+00:00,2135
2024-02-02T05:00:00+00:00,2087
2024-02-02T06:00:00+00:00,2627
2024-02-02T07:00:00+00:00,3877
2024-02-02T08:00:00+00:00,5182
2024-02-02T09:00:00+00:00,3490
2024-02-02T10:00:00+00:00,3166
2024-02-02T11:00:00+00:00,3287
2024-02-02T12:00:00+00:00,3080
2024-02-02T13:00:00+00:00,13823
2024-02-02T16:00:00+00:00,7438
2024-02-02T14:00:00+00:00,13819
2024-02-02T15:00:00+00:00,12634
2024-02-02T18:00:00+00:00,4670
2024-02-02T17:00:00+00:00,4542
2024-02-02T19:00:00+00:00,3394
2024-02-02T20:00:00+00:00,3817
2024-02-02T21:00:00+00:00,2960
2024-02-02T22:00:00+00:00,0
2024-02-02T23:00:00+00:00,0
2024-02-04T00:00:00+00:00,0
2024-02-04T01:00:00+00:00,0
2024-02-04T02:00:00+00:00,0
2024-02-04T03:00:00+00:00,0
2024-02-04T04:00:00+00:00,0
2024-02-04T05:00:00+00:00,0
2024-02-04T06:00:00+00:00,0
2024-02-04T07:00:00+00:00,0
2024-02-04T09:00:00+00:00,0
2024-02-04T08:00:00+00:00,0
2024-02-04T11:00:00+00:00,0
2024-02-04T10:00:00+00:00,0
2024-02-04T12:00:00+00:00,0
2024-02-04T13:00:00+00:00,0
2024-02-04T14:00:00+00:00,0
2024-02-04T15:00:00+00:00,0
2024-02-04T16:00:00+00:00,0
2024-02-04T18:00:00+00:00,0
2024-02-04T17:00:00+00:00,0
2024-02-04T19:00:00+00:00,0
2024-02-04T20:00:00+00:00,0
2024-02-04T21:00:00+00:00,0
2024-02-04T22:00:00+00:00,1314
2024-02-04T23:00:00+00:00,2581
2024-02-05T01:00:00+00:00,3371
2024-02-05T02:00:00+00:00,2816
2024-02-05T03:00:00+00:00,1843
2024-02-05T04:00:00+00:00,1142
2024-02-05T05:00:00+00:00,2286
2024-02-05T06:00:00+00:00,2427
2024-02-05T07:00:00+00:00,4440
2024-02-05T08:00:00+00:00,5628
2024-02-05T09:00:00+00:00,4388
2024-02-05T10:00:00+00:00,3747
2024-02-05T11:00:00+00:00,3958
2024-02-05T12:00:00+00:00,3693
2024-02-05T13:00:00+00:00,5360
2024-02-05T14:00:00+00:00,6594
2024-02-05T15:00:00+00:00,11645
2024-02-05T16:00:00+00:00,4767
2024-02-05T17:00:00+00:00,3327
2024-02-05T18:00:00+00:00,2683
2024-02-05T19:00:00+00:00,2478
2024-02-05T20:00:00+00:00,3046
2024-02-05T21:00:00+00:00,2150
2024-02-05T23:00:00+00:00,717
2024-02-05T22:00:00+00:00,849
2024-02-06T00:00:00+00:00,1512
2024-02-06T02:00:00+00:00,2064
2024-02-06T01:00:00+00:00,2978
2024-02-06T04:00:00+00:00,2194
2024-02-06T03:00:00+00:00,2382
2024-02-06T06:00:00+00:00,2234
2024-02-06T05:00:00+00:00,2903
2024-02-06T07:00:00+00:00,4831
2024-02-06T08:00:00+00:00,5611
2024-02-06T09:00:00+00:00,4623
2024-02-06T10:00:00+00:00,2898
2024-02-06T11:00:00+00:00,3489
2024-02-06T13:00:00+00:00,6610
2024-02-06T12:00:00+00:00,3721
2024-02-06T14:00:00+00:00,8472
2024-02-06T15:00:00+00:00,7780
2024-02-06T17:00:00+00:00,4965
2024-02-06T18:00:00+00:00,4204
2024-02-06T19:00:00+00:00,4056
2024-02-06T20:00:00+00:00,2998
2024-02-06T22:00:00+00:00,2819
2024-02-06T23:00:00+00:00,954
2024-02-07T02:00:00+00:00,2543
2024-02-07T03:00:00+00:00,1434
2024-02-07T04:00:00+00:00,1413
2024-02-07T05:00:00+00:00,1674
2024-02-07T06:00:00+00:00,2119
2024-02-07T07:00:00+00:00,3974
2024-02-07T08:00:00+00:00,4672
2024-02-07T09:00:00+00:00,3816
2024-02-07T10:00:00+00:00,4204
2024-02-07T11:00:00+00:00,3568
2024-02-07T12:00:00+00:00,3997
2024-02-07T13:00:00+00:00,5223
2024-02-07T14:00:00+00:00,9088
2024-02-07T15:00:00+00:00,10340
2024-02-07T16:00:00+00:00,6486
2024-02-07T17:00:00+00:00,4031
2024-02-07T19:00:00+00:00,2832
2024-02-07T18:00:00+00:00,4256
2024-02-07T20:00:00+00:00,2210
2024-02-07T21:00:00+00:00,1780
2024-02-07T22:00:00+00:00,1319
2024-02-07T23:00:00+00:00,1235
2024-02-08T00:00:00+00:00,1541
2024-02-08T02:00:00+00:00,2438
2024-02-08T01:00:00+00:00,2994
2024-02-08T03:00:00+00:00,1352
2024-02-08T04:00:00+00:00,1687
2024-02-08T05:00:00+00:00,1735
2024-02-08T07:00:00+00:00,3851
2024-02-08T06:00:00+00:00,1958
2024-02-08T08:00:00+00:00,5173
2024-02-08T09:00:00+00:00,3904
2024-02-08T10:00:00+00:00,3137
2024-02-08T11:00:00+00:00,3744
2024-02-08T12:00:00+00:00,4037
2024-02-08T13:00:00+00:00,7744
2024-02-08T17:00:00+00:00,3181
2024-02-08T16:00:00+00:00,4772
2024-02-08T18:00:00+00:00,4431
2024-02-08T20:00:00+00:00,2852
2024-02-08T19:00:00+00:00,3209
2024-02-08T21:00:00+00:00,1721
2024-02-08T22:00:00+00:00,1191
2024-02-09T00:00:00+00:00,1528
2024-02-08T23:00:00+00:00,884
2024-02-09T01:00:00+00:00,1897
2024-02-09T02:00:00+00:00,1626
2024-02-09T03:00:00+00:00,1701
2024-02-09T05:00:00+00:00,803
2024-02-09T04:00:00+00:00,943
2024-02-09T07:00:00+00:00,3357
2024-02-09T06:00:00+00:00,1123
2024-02-09T08:00:00+00:00,4921
2024-02-09T09:00:00+00:00,4719
2024-02-09T10:00:00+00:00,3648
2024-02-09T11:00:00+00:00,3537
2024-02-09T12:00:00+00:00,4087
2024-02-09T13:00:00+00:00,11257
2024-02-09T15:00:00+00:00,7378
2024-02-09T16:00:00+00:00,5110
2024-02-09T14:00:00+00:00,9441
2024-02-09T17:00:00+00:00,2734
2024-02-09T18:00:00+00:00,1961
2024-02-09T19:00:00+00:00,1395
2024-02-09T20:00:00+00:00,2483
2024-02-09T21:00:00+00:00,2243
2024-02-09T22:00:00+00:00,0
2024-02-09T23:00:00+00:00,0
2024-02-11T00:00:00+00:00,0
2024-02-11T01:00:00+00:00,0
2024-02-11T02:00:00+00:00,0
2024-02-11T03:00:00+00:00,0
2024-02-11T04:00:00+00:00,0
2024-02-11T05:00:00+00:00,0
2024-02-11T06:00:00+00:00,0
2024-02-11T07:00:00+00:00,0
2024-02-11T08:00:00+00:00,0
2024-02-06T16:00:00+00:00,5468
2024-02-11T09:00:00+00:00,0
2024-02-11T10:00:00+00:00,0
2024-02-11T11:00:00+00:00,0
2024-02-11T12:00:00+00:00,0
2024-02-11T13:00:00+00:00,0
2024-02-11T14:00:00+00:00,0
2024-02-11T15:00:00+00:00,0
2024-02-11T16:00:00+00:00,0
2024-02-11T17:00:00+00:00,0
2024-02-11T18:00:00+00:00,0
2024-02-11T19:00:00+00:00,0
2024-02-11T20:00:00+00:00,0
2024-02-11T22:00:00+00:00,721
2024-02-11T21:00:00+00:00,0
2024-02-11T23:00:00+00:00,3218
2024-02-12T00:00:00+00:00,2152
2024-02-12T01:00:00+00:00,1103
2024-02-12T02:00:00+00:00,1064
2024-02-12T03:00:00+00:00,1142
2024-02-12T04:00:00+00:00,826
2024-02-12T07:00:00+00:00,3192
2024-02-12T08:00:00+00:00,5200
2024-02-12T09:00:00+00:00,3464
2024-02-12T10:00:00+00:00,2752
2024-02-12T11:00:00+00:00,3201
2024-02-12T13:00:00+00:00,4801
2024-02-12T12:00:00+00:00,3193
2024-02-12T14:00:00+00:00,4713
2024-02-12T15:00:00+00:00,4793
2024-02-12T16:00:00+00:00,4228
2024-02-12T18:00:00+00:00,2770
2024-02-12T17:00:00+00:00,3115
2024-02-12T20:00:00+00:00,2505
2024-02-12T21:00:00+00:00,1583
2024-02-12T23:00:00+00:00,805
2024-02-12T22:00:00+00:00,1444
2024-02-13T00:00:00+00:00,1242
2024-02-13T01:00:00+00:00,1378
2024-02-13T02:00:00+00:00,1093
2024-02-13T03:00:00+00:00,1224
2024-02-13T04:00:00+00:00,757
2024-02-08T15:00:00+00:00,7585
2024-02-13T05:00:00+00:00,921
2024-02-13T07:00:00+00:00,4695
2024-02-13T08:00:00+00:00,4553
2024-02-13T09:00:00+00:00,4093
2024-02-13T10:00:00+00:00,4206
2024-02-13T11:00:00+00:00,3047
2024-02-13T12:00:00+00:00,3336
2024-02-13T13:00:00+00:00,14587
2024-02-13T14:00:00+00:00,13315
2024-02-13T15:00:00+00:00,10437
2024-02-13T16:00:00+00:00,5945
2024-02-13T17:00:00+00:00,3888
2024-02-13T18:00:00+00:00,3017
2024-02-13T19:00:00+00:00,4133
2024-02-13T20:00:00+00:00,3756
2024-02-13T22:00:00+00:00,1065
2024-02-13T23:00:00+00:00,939
2024-02-14T00:00:00+00:00,1663
2024-02-14T01:00:00+00:00,2976
2024-02-14T02:00:00+00:00,1988
2024-02-14T04:00:00+00:00,1658
2024-02-14T05:00:00+00:00,1451
2024-02-14T06:00:00+00:00,2075
2024-02-14T07:00:00+00:00,5340
2024-02-14T08:00:00+00:00,5656
2024-02-14T09:00:00+00:00,4031
2024-02-14T10:00:00+00:00,3021
2024-02-14T11:00:00+00:00,3268
2024-02-14T13:00:00+00:00,6426
2024-02-14T14:00:00+00:00,7933
2024-02-14T15:00:00+00:00,7161
2024-02-14T16:00:00+00:00,5265
2024-02-14T17:00:00+00:00,3733
2024-02-14T18:00:00+00:00,3120
2024-02-14T20:00:00+00:00,3672
2024-02-14T19:00:00+00:00,2565
2024-02-14T21:00:00+00:00,1919
2024-02-14T22:00:00+00:00,1541
2024-02-14T23:00:00+00:00,784
2024-02-15T00:00:00+00:00,1605
2024-02-15T01:00:00+00:00,2304
2024-02-12T05:00:00+00:00,796
2024-02-15T02:00:00+00:00,1712
2024-02-15T03:00:00+00:00,1433
2024-02-15T04:00:00+00:00,1197
2024-02-15T05:00:00+00:00,1477
2024-02-15T06:00:00+00:00,1895
2024-02-15T07:00:00+00:00,3922
2024-02-15T08:00:00+00:00,4858
2024-02-15T09:00:00+00:00,3704
2024-02-15T10:00:00+00:00,3225
2024-02-15T11:00:00+00:00,2438
2024-02-15T12:00:00+00:00,2769
2024-02-15T14:00:00+00:00,11094
2024-02-15T13:00:00+00:00,11934
2024-02-15T15:00:00+00:00,8438
2024-02-15T16:00:00+00:00,5769
2024-02-15T18:00:00+00:00,3292
2024-02-15T17:00:00+00:00,3530
2024-02-15T19:00:00+00:00,2578
2024-02-15T20:00:00+00:00,2611
2024-02-15T21:00:00+00:00,2100
2024-02-15T22:00:00+00:00,1059
2024-02-15T23:00:00+00:00,907
2024-02-16T00:00:00+00:00,2418
2024-02-16T01:00:00+00:00,3336
2024-02-16T02:00:00+00:00,2612
2024-02-16T03:00:00+00:00,2312
2024-02-16T04:00:00+00:00,2397
2024-02-16T05:00:00+00:00,2564
2024-02-16T06:00:00+00:00,2005
2024-02-16T07:00:00+00:00,3655
2024-02-16T08:00:00+00:00,3719
2024-02-16T09:00:00+00:00,3811
2024-02-16T10:00:00+00:00,2900
2024-02-16T11:00:00+00:00,2862
2024-02-16T12:00:00+00:00,3706
2024-02-13T06:00:00+00:00,1141
2024-02-16T13:00:00+00:00,9935
2024-02-16T14:00:00+00:00,10028
2024-02-16T15:00:00+00:00,9246
2024-02-16T16:00:00+00:00,5774
2024-02-16T17:00:00+00:00,3531
2024-02-16T18:00:00+00:00,3715
2024-02-16T19:00:00+00:00,3677
2024-02-16T20:00:00+00:00,4887
2024-02-16T21:00:00+00:00,2749
2024-02-16T22:00:00+00:00,0
2024-02-18T00:00:00+00:00,0
2024-02-16T23:00:00+00:00,0
2024-02-18T01:00:00+00:00,0
2024-02-18T02:00:00+00:00,0
2024-02-18T03:00:00+00:00,0
2024-02-18T04:00:00+00:00,0
2024-02-18T06:00:00+00:00,0
2024-02-18T05:00:00+00:00,0
2024-02-18T07:00:00+00:00,0
2024-02-18T09:00:00+00:00,0
2024-02-18T08:00:00+00:00,0
2024-02-18T10:00:00+00:00,0
2024-02-18T12:00:00+00:00,0
2024-02-18T11:00:00+00:00,0
2024-02-18T13:00:00+00:00,0
2024-02-14T03:00:00+00:00,1666
2024-02-18T15:00:00+00:00,0
2024-02-18T14:00:00+00:00,0
2024-02-13T21:00:00+00:00,2086
2024-02-18T16:00:00+00:00,0
2024-02-18T18:00:00+00:00,0
2024-02-18T17:00:00+00:00,0
2024-02-18T19:00:00+00:00,0
2024-02-18T20:00:00+00:00,0
2024-02-18T21:00:00+00:00,0
2024-02-18T22:00:00+00:00,878
2024-02-18T23:00:00+00:00,1242
2024-02-14T12:00:00+00:00,2991
2024-02-19T00:00:00+00:00,1575
2024-02-19T01:00:00+00:00,2367
2024-02-19T02:00:00+00:00,1391
2024-02-19T03:00:00+00:00,1430
2024-02-19T04:00:00+00:00,1021
2024-02-19T05:00:00+00:00,1381
2024-02-19T06:00:00+00:00,1444
2024-02-19T07:00:00+00:00,2429
2024-02-19T08:00:00+00:00,3557
2024-02-19T09:00:00+00:00,3359
2024-02-19T10:00:00+00:00,2429
2024-02-19T11:00:00+00:00,2274
2024-02-19T13:00:00+00:00,3249
2024-02-19T12:00:00+00:00,2281
2024-02-19T14:00:00+00:00,3333
2024-02-19T15:00:00+00:00,2907
2024-02-19T16:00:00+00:00,1539
2024-02-19T18:00:00+00:00,801
2024-02-19T17:00:00+00:00,822
2024-02-19T19:00:00+00:00,554
2024-02-19T20:00:00+00:00,271
2024-02-19T21:00:00+00:00,446
2024-02-19T22:00:00+00:00,1315
2024-02-19T23:00:00+00:00,1085
2024-02-20T00:00:00+00:00,1805
2024-02-20T01:00:00+00:00,3046
2024-02-20T03:00:00+00:00,1709
2024-02-20T02:00:00+00:00,2473
2024-02-20T04:00:00+00:00,1310
2024-02-20T05:00:00+00:00,1832
2024-02-20T07:00:00+00:00,3674
2024-02-20T08:00:00+00:00,4887
2024-02-20T06:00:00+00:00,1939
2024-02-20T09:00:00+00:00,4449
2024-02-20T10:00:00+00:00,4801
2024-02-20T12:00:00+00:00,4594
2024-02-20T11:00:00+00:00,4994
2024-02-20T13:00:00+00:00,6683
2024-02-20T14:00:00+00:00,7760
2024-02-20T15:00:00+00:00,6817
2024-02-20T16:00:00+00:00,4649
2024-02-20T17:00:00+00:00,3378
2024-02-20T18:00:00+00:00,2284
2024-02-20T19:00:00+00:00,3387
2024-02-20T20:00:00+00:00,3186
2024-02-20T21:00:00+00:00,1697
2024-02-20T22:00:00+00:00,1089
2024-02-20T23:00:00+00:00,1254
2024-02-21T00:00:00+00:00,1540
2024-02-21T01:00:00+00:00,2215
2024-02-21T03:00:00+00:00,1858
2024-02-21T04:00:00+00:00,1311
2024-02-21T05:00:00+00:00,1382
2024-02-21T06:00:00+00:00,1936
2024-02-21T07:00:00+00:00,2996
2024-02-21T08:00:00+00:00,3791
2024-02-21T09:00:00+00:00,4433
2024-02-21T10:00:00+00:00,3156
2024-02-21T11:00:00+00:00,2530
2024-02-21T12:00:00+00:00,3359
2024-02-21T13:00:00+00:00,4569
2024-02-21T14:00:00+00:00,5307
2024-02-21T15:00:00+00:00,5580
2024-02-21T16:00:00+00:00,4747
2024-02-21T17:00:00+00:00,3423
2024-02-21T18:00:00+00:00,4568
2024-02-21T19:00:00+00:00,6824
2024-02-21T20:00:00+00:00,3792
2024-02-21T21:00:00+00:00,2064
2024-02-21T22:00:00+00:00,2676
2024-02-21T23:00:00+00:00,1080
2024-02-22T00:00:00+00:00,2185
2024-02-22T01:00:00+00:00,3144
2024-02-22T02:00:00+00:00,2224
2024-02-22T03:00:00+00:00,1071
2024-02-22T04:00:00+00:00,1283
2024-02-22T05:00:00+00:00,1567
2024-02-22T06:00:00+00:00,1865
2024-02-22T07:00:00+00:00,4515
2024-02-22T08:00:00+00:00,9485
2024-02-22T10:00:00+00:00,3234
2024-02-22T09:00:00+00:00,6381
2024-02-22T11:00:00+00:00,3316
2024-02-22T12:00:00+00:00,3316
2024-02-22T13:00:00+00:00,7168
2024-02-22T14:00:00+00:00,8258
2024-02-22T15:00:00+00:00,8211
2024-02-22T17:00:00+00:00,2689
2024-02-22T16:00:00+00:00,4318
2024-02-22T19:00:00+00:00,2135
2024-02-22T20:00:00+00:00,2373
2024-02-22T21:00:00+00:00,1508
2024-02-22T22:00:00+00:00,1080
2024-02-22T23:00:00+00:00,777
2024-02-23T00:00:00+00:00,1951
2024-02-23T01:00:00+00:00,1913
2024-02-23T02:00:00+00:00,1593
2024-02-23T03:00:00+00:00,1440
2024-02-23T04:00:00+00:00,1396
2024-02-23T05:00:00+00:00,1315
2024-02-23T06:00:00+00:00,1620
2024-02-23T07:00:00+00:00,2931
2024-02-23T08:00:00+00:00,3661
2024-02-23T09:00:00+00:00,2954
2024-02-23T10:00:00+00:00,2675
2024-02-23T11:00:00+00:00,3271
2024-02-23T12:00:00+00:00,3993
2024-02-23T13:00:00+00:00,4662
2024-02-23T14:00:00+00:00,4875
2024-02-23T15:00:00+00:00,5776
2024-02-23T16:00:00+00:00,4274
2024-02-23T17:00:00+00:00,3062
2024-02-23T18:00:00+00:00,1902
2024-02-23T19:00:00+00:00,1940
2024-02-23T20:00:00+00:00,2928
2024-02-23T21:00:00+00:00,2483
2024-02-23T22:00:00+00:00,0
2024-02-23T23:00:00+00:00,0
2024-02-25T00:00:00+00:00,0
2024-02-25T01:00:00+00:00,0
2024-02-25T02:00:00+00:00,0
2024-02-25T03:00:00+00:00,0
2024-02-25T04:00:00+00:00,0
2024-02-25T05:00:00+00:00,0
2024-02-25T06:00:00+00:00,0
2024-02-25T07:00:00+00:00,0
2024-02-25T08:00:00+00:00,0
2024-02-25T09:00:00+00:00,0
2024-02-25T10:00:00+00:00,0
2024-02-25T11:00:00+00:00,0
2024-02-25T12:00:00+00:00,0
2024-02-25T13:00:00+00:00,0
2024-02-25T14:00:00+00:00,0
2024-02-25T15:00:00+00:00,0
2024-02-25T17:00:00+00:00,0
2024-02-25T16:00:00+00:00,0
2024-02-25T18:00:00+00:00,0
2024-02-25T19:00:00+00:00,0
2024-02-25T20:00:00+00:00,0
2024-02-25T21:00:00+00:00,0
2024-02-25T22:00:00+00:00,1075
2024-02-25T23:00:00+00:00,1119
2024-02-26T00:00:00+00:00,1680
2024-02-26T01:00:00+00:00,2062
2024-02-26T02:00:00+00:00,1376
2024-02-26T03:00:00+00:00,1387
2024-02-26T04:00:00+00:00,1541
2024-02-26T05:00:00+00:00,1617
2024-02-26T06:00:00+00:00,1283
2024-02-26T07:00:00+00:00,3674
2024-02-26T09:00:00+00:00,2596
2024-02-26T10:00:00+00:00,2719
2024-02-26T08:00:00+00:00,3571
2024-02-26T11:00:00+00:00,2293
2024-02-26T12:00:00+00:00,2653
2024-02-26T13:00:00+00:00,3514
2024-02-26T14:00:00+00:00,5100
2024-02-26T15:00:00+00:00,4217
2024-02-26T16:00:00+00:00,3136
2024-02-26T17:00:00+00:00,2280
2024-02-26T18:00:00+00:00,2234
2024-02-26T19:00:00+00:00,2076
2024-02-26T20:00:00+00:00,3077
2024-02-26T21:00:00+00:00,1102
2024-02-26T22:00:00+00:00,1851
2024-02-26T23:00:00+00:00,627
2024-02-27T00:00:00+00:00,941
2024-02-27T01:00:00+00:00,1357
2024-02-27T02:00:00+00:00,959
2024-02-27T04:00:00+00:00,594
2024-02-27T03:00:00+00:00,636
2024-02-27T05:00:00+00:00,1028
2024-02-27T06:00:00+00:00,1156
2024-02-27T07:00:00+00:00,2435
2024-02-27T08:00:00+00:00,3364
2024-02-27T09:00:00+00:00,3182
2024-02-27T10:00:00+00:00,3195
2024-02-27T11:00:00+00:00,2196
2024-02-27T12:00:00+00:00,2346
2024-02-27T13:00:00+00:00,4742
2024-02-27T14:00:00+00:00,3872
2024-02-27T15:00:00+00:00,6038
2024-02-27T16:00:00+00:00,4064
2024-02-27T17:00:00+00:00,2672
2024-02-27T18:00:00+00:00,2714
2024-02-27T19:00:00+00:00,2168
2024-02-27T20:00:00+00:00,1698
2024-02-27T21:00:00+00:00,1347
2024-02-27T22:00:00+00:00,1791
2024-02-28T00:00:00+00:00,1168
2024-02-28T01:00:00+00:00,2079
2024-02-28T03:00:00+00:00,1271
2024-02-28T02:00:00+00:00,1422
2024-02-28T04:00:00+00:00,1063
2024-02-28T06:00:00+00:00,1528
2024-02-28T05:00:00+00:00,1649
2024-02-28T07:00:00+00:00,3417
2024-02-28T08:00:00+00:00,3740
2024-02-28T09:00:00+00:00,5189
2024-02-28T10:00:00+00:00,4050
2024-02-28T11:00:00+00:00,2624
2024-02-28T12:00:00+00:00,2644
2024-02-28T13:00:00+00:00,6759
2024-02-28T14:00:00+00:00,6493
2024-02-28T15:00:00+00:00,4633
2024-02-28T17:00:00+00:00,2517
2024-02-28T16:00:00+00:00,3616
2024-02-28T18:00:00+00:00,2061
2024-02-28T19:00:00+00:00,2280
2024-02-28T20:00:00+00:00,2127
2024-02-28T21:00:00+00:00,1335
2024-02-28T23:00:00+00:00,960
2024-02-28T22:00:00+00:00,1313
2024-02-29T00:00:00+00:00,1639
2024-02-29T01:00:00+00:00,2844
2024-02-29T02:00:00+00:00,2863
2024-02-29T03:00:00+00:00,1876
2024-02-29T04:00:00+00:00,2019
2024-02-29T06:00:00+00:00,1838
2024-02-29T05:00:00+00:00,2034
2024-02-29T07:00:00+00:00,3938
2024-02-29T08:00:00+00:00,5014
2024-02-29T09:00:00+00:00,4950
2024-02-29T10:00:00+00:00,3628
2024-02-29T11:00:00+00:00,3873
2024-02-29T12:00:00+00:00,3423
2024-02-29T13:00:00+00:00,9412
2024-02-29T14:00:00+00:00,7003
2024-02-29T15:00:00+00:00,9491
2024-02-29T16:00:00+00:00,6917
2024-02-29T17:00:00+00:00,3948
2024-02-29T18:00:00+00:00,3176
2024-02-29T19:00:00+00:00,3520
2024-02-29T20:00:00+00:00,3474
2024-02-29T21:00:00+00:00,2105
2024-02-29T22:00:00+00:00,5025
2024-02-29T23:00:00+00:00,513
2024-03-01T00:00:00+00:00,1447
2024-03-01T01:00:00+00:00,1821
2024-03-01T02:00:00+00:00,1508
2024-03-01T03:00:00+00:00,1061
2024-03-01T04:00:00+00:00,646
2024-03-01T05:00:00+00:00,1055
2024-03-01T06:00:00+00:00,1167
2024-03-01T07:00:00+00:00,2862
2024-03-01T08:00:00+00:00,4413
2024-03-01T09:00:00+00:00,3462
2024-03-01T10:00:00+00:00,5279
2024-03-01T11:00:00+00:00,3311
2024-03-01T12:00:00+00:00,3419
2024-03-01T13:00:00+00:00,5042
2024-03-01T14:00:00+00:00,5882
2024-03-01T17:00:00+00:00,2289
2024-03-01T15:00:00+00:00,12860
2024-03-01T16:00:00+00:00,4548
2024-03-01T18:00:00+00:00,2744
2024-03-01T19:00:00+00:00,2319
2024-03-01T21:00:00+00:00,2693
2024-03-01T20:00:00+00:00,2056
2024-03-01T22:00:00+00:00,0
2024-03-01T23:00:00+00:00,0
2024-03-03T00:00:00+00:00,0
2024-03-03T01:00:00+00:00,0
2024-03-03T02:00:00+00:00,0
2024-03-03T03:00:00+00:00,0
2024-03-03T04:00:00+00:00,0
2024-03-03T05:00:00+00:00,0
2024-03-03T06:00:00+00:00,0
2024-03-03T07:00:00+00:00,0
2024-03-03T08:00:00+00:00,0
2024-03-03T09:00:00+00:00,0
2024-03-03T10:00:00+00:00,0
2024-03-03T11:00:00+00:00,0
2024-03-03T12:00:00+00:00,0
2024-03-03T13:00:00+00:00,0
2024-03-03T14:00:00+00:00,0
2024-03-03T15:00:00+00:00,0
2024-03-03T16:00:00+00:00,0
2024-03-03T18:00:00+00:00,0
2024-03-03T17:00:00+00:00,0
2024-03-03T19:00:00+00:00,0
2024-02-27T23:00:00+00:00,988
2024-03-03T20:00:00+00:00,0
2024-03-03T21:00:00+00:00,0
2024-03-03T22:00:00+00:00,1572
2024-03-03T23:00:00+00:00,1819
2024-03-04T00:00:00+00:00,1558
2024-03-04T01:00:00+00:00,1509
2024-03-04T02:00:00+00:00,1128
2024-03-04T03:00:00+00:00,996
2024-03-04T04:00:00+00:00,666
2024-03-04T05:00:00+00:00,790
2024-03-04T06:00:00+00:00,1216
2024-03-04T07:00:00+00:00,2547
2024-03-04T08:00:00+00:00,4461
2024-03-04T09:00:00+00:00,2811
2024-03-04T10:00:00+00:00,2276
2024-03-04T11:00:00+00:00,2377
2024-03-04T12:00:00+00:00,2670
2024-03-04T13:00:00+00:00,3992
2024-03-04T14:00:00+00:00,4804
2024-03-04T15:00:00+00:00,4270
2024-03-04T16:00:00+00:00,3361
2024-03-04T17:00:00+00:00,2446
2024-03-04T18:00:00+00:00,1334
2024-03-04T19:00:00+00:00,1528
2024-03-04T20:00:00+00:00,2350
2024-03-04T21:00:00+00:00,1634
2024-03-04T22:00:00+00:00,6620
2024-03-04T23:00:00+00:00,603
2024-03-05T00:00:00+00:00,654
2024-03-05T01:00:00+00:00,1762
2024-03-05T02:00:00+00:00,1310
2024-03-05T03:00:00+00:00,1230
2024-03-05T04:00:00+00:00,737
2024-03-05T05:00:00+00:00,931
2024-03-05T06:00:00+00:00,1471
2024-03-05T07:00:00+00:00,2660
2024-03-05T08:00:00+00:00,4203
2024-03-05T09:00:00+00:00,3072
2024-03-05T10:00:00+00:00,2035
2024-03-05T11:00:00+00:00,2171
2024-03-05T12:00:00+00:00,2103
2024-03-05T13:00:00+00:00,4035
2024-03-05T14:00:00+00:00,5127
2024-03-05T15:00:00+00:00,8660
2024-03-05T16:00:00+00:00,4235
2024-03-05T17:00:00+00:00,2741
2024-03-05T18:00:00+00:00,2086
2024-03-05T19:00:00+00:00,2457
2024-03-05T20:00:00+00:00,2483
2024-03-05T21:00:00+00:00,1853
2024-03-05T22:00:00+00:00,2737
2024-03-05T23:00:00+00:00,716
2024-03-06T00:00:00+00:00,1072
2024-03-06T01:00:00+00:00,2743
2024-03-06T02:00:00+00:00,1978
2024-03-06T03:00:00+00:00,1694
2024-03-06T04:00:00+00:00,1161
2024-03-06T05:00:00+00:00,1673
2024-03-06T06:00:00+00:00,1807
2024-03-06T07:00:00+00:00,3113
2024-03-06T08:00:00+00:00,3192
2024-03-06T09:00:00+00:00,2706
2024-03-06T10:00:00+00:00,1990
2024-03-06T11:00:00+00:00,1832
2024-03-06T12:00:00+00:00,2298
2024-03-06T13:00:00+00:00,7584
2024-03-06T14:00:00+00:00,4587
2024-03-06T15:00:00+00:00,7949
2024-03-06T16:00:00+00:00,5773
2024-03-06T17:00:00+00:00,4643
2024-03-06T18:00:00+00:00,3777
2024-03-06T19:00:00+00:00,4065
2024-03-06T20:00:00+00:00,3098
2024-03-06T21:00:00+00:00,1424
2024-03-06T22:00:00+00:00,2050
2024-03-06T23:00:00+00:00,1018
2024-03-07T00:00:00+00:00,2302
2024-03-07T01:00:00+00:00,2869
2024-03-07T02:00:00+00:00,1495
2024-03-07T03:00:00+00:00,1264
2024-03-07T04:00:00+00:00,2151
2024-03-07T05:00:00+00:00,1158
2024-03-07T06:00:00+00:00,1899
2024-03-07T07:00:00+00:00,3751
2024-03-07T08:00:00+00:00,4133
2024-03-07T09:00:00+00:00,2659
2024-03-07T10:00:00+00:00,3057
2024-03-07T11:00:00+00:00,2636
2024-03-07T12:00:00+00:00,2965
2024-03-07T13:00:00+00:00,9656
2024-03-07T14:00:00+00:00,10054
2024-03-07T15:00:00+00:00,6351
2024-03-07T16:00:00+00:00,5158
2024-03-07T17:00:00+00:00,3262
2024-03-07T18:00:00+00:00,2359
2024-03-07T19:00:00+00:00,2440
2024-03-07T20:00:00+00:00,2572
2024-03-07T21:00:00+00:00,1942
2024-03-07T22:00:00+00:00,3617
2024-03-07T23:00:00+00:00,503
2024-03-08T00:00:00+00:00,1203
2024-03-08T01:00:00+00:00,2125
2024-03-08T02:00:00+00:00,1433
2024-03-08T03:00:00+00:00,1387
2024-03-08T04:00:00+00:00,1106
2024-03-08T05:00:00+00:00,1525
2024-03-08T06:00:00+00:00,1597
2024-03-08T07:00:00+00:00,3519
2024-03-08T08:00:00+00:00,3823
2024-03-08T09:00:00+00:00,3884
2024-03-08T10:00:00+00:00,3063
2024-03-08T11:00:00+00:00,2543
2024-03-08T12:00:00+00:00,2759
2024-03-08T13:00:00+00:00,13323
2024-03-08T14:00:00+00:00,10515
2024-03-08T15:00:00+00:00,6704
2024-03-08T16:00:00+00:00,6312
2024-03-08T17:00:00+00:00,5376
2024-03-08T18:00:00+00:00,3964
2024-03-08T19:00:00+00:00,3108
2024-03-08T20:00:00+00:00,3150
2024-03-08T21:00:00+00:00,2854
2024-03-08T22:00:00+00:00,0
2024-03-08T23:00:00+00:00,0
2024-03-10T00:00:00+00:00,0
2024-03-10T01:00:00+00:00,0
2024-03-10T02:00:00+00:00,0
2024-03-10T04:00:00+00:00,0
2024-03-10T03:00:00+00:00,0
2024-03-10T05:00:00+00:00,0
2024-03-10T06:00:00+00:00,0
2024-03-10T07:00:00+00:00,0
2024-03-10T08:00:00+00:00,0
2024-03-10T09:00:00+00:00,0
2024-03-10T10:00:00+00:00,0
2024-03-10T11:00:00+00:00,0
2024-03-10T12:00:00+00:00,0
2024-03-10T13:00:00+00:00,0
2024-03-10T14:00:00+00:00,0
2024-03-10T15:00:00+00:00,0
2024-03-10T16:00:00+00:00,0
2024-03-10T17:00:00+00:00,0
2024-03-10T18:00:00+00:00,0
2024-03-10T19:00:00+00:00,0
2024-03-10T20:00:00+00:00,0
2024-03-10T21:00:00+00:00,769
2024-03-10T22:00:00+00:00,703
2024-03-10T23:00:00+00:00,1859
2024-03-11T00:00:00+00:00,1552
2024-03-11T01:00:00+00:00,1951
2024-03-11T02:00:00+00:00,1697
2024-03-11T03:00:00+00:00,1248
2024-03-11T04:00:00+00:00,798
2024-03-11T05:00:00+00:00,994
2024-03-11T06:00:00+00:00,1259
2024-03-11T07:00:00+00:00,2755
2024-03-11T08:00:00+00:00,4032
2024-03-11T09:00:00+00:00,2693
2024-03-11T10:00:00+00:00,2080
2024-03-11T11:00:00+00:00,2089
2024-03-11T12:00:00+00:00,4605
2024-03-11T13:00:00+00:00,4822
2024-03-11T14:00:00+00:00,4576
2024-03-11T15:00:00+00:00,5038
2024-03-11T16:00:00+00:00,3338
2024-03-11T17:00:00+00:00,3222
2024-03-11T18:00:00+00:00,2766
2024-03-11T19:00:00+00:00,2301
2024-03-11T20:00:00+00:00,1288
2024-03-11T21:00:00+00:00,6076
2024-03-11T22:00:00+00:00,775
2024-03-11T23:00:00+00:00,1011
2024-03-12T01:00:00+00:00,2298
2024-03-12T02:00:00+00:00,2197
2024-03-12T04:00:00+00:00,1316
2024-03-12T03:00:00+00:00,1097
2024-03-12T05:00:00+00:00,1852
2024-03-12T06:00:00+00:00,2238
2024-03-12T07:00:00+00:00,3532
2024-03-12T08:00:00+00:00,3752
2024-03-12T09:00:00+00:00,2792
2024-03-12T10:00:00+00:00,2350
2024-03-12T11:00:00+00:00,2489
2024-03-12T12:00:00+00:00,13334
2024-03-12T13:00:00+00:00,12153
2024-03-12T15:00:00+00:00,4796
2024-03-12T14:00:00+00:00,6553
2024-03-12T16:00:00+00:00,3833
2024-03-12T17:00:00+00:00,3524
2024-03-12T18:00:00+00:00,2280
2024-03-12T19:00:00+00:00,1714
2024-03-12T20:00:00+00:00,1196
2024-03-12T21:00:00+00:00,5392
2024-03-12T22:00:00+00:00,591
2024-03-12T23:00:00+00:00,917
2024-03-13T00:00:00+00:00,1997
2024-03-13T01:00:00+00:00,3566
2024-03-13T02:00:00+00:00,2337
2024-03-13T03:00:00+00:00,2127
2024-03-13T04:00:00+00:00,2479
2024-03-13T05:00:00+00:00,2178
2024-03-13T06:00:00+00:00,2026
2024-03-13T07:00:00+00:00,2885
2024-03-13T08:00:00+00:00,3468
2024-03-13T09:00:00+00:00,3426
2024-03-13T10:00:00+00:00,2582
2024-03-13T11:00:00+00:00,2928
2024-03-13T12:00:00+00:00,4874
2024-03-13T13:00:00+00:00,4402
2024-03-13T14:00:00+00:00,4802
2024-03-13T15:00:00+00:00,4361
2024-03-13T16:00:00+00:00,3711
2024-03-13T17:00:00+00:00,4186
2024-03-13T18:00:00+00:00,2650
2024-03-13T19:00:00+00:00,2892
2024-03-13T20:00:00+00:00,1382
2024-03-13T21:00:00+00:00,3631
2024-03-13T22:00:00+00:00,863
2024-03-13T23:00:00+00:00,581
2024-03-14T00:00:00+00:00,1506
2024-03-14T01:00:00+00:00,2248
2024-03-14T02:00:00+00:00,1448
2024-03-14T03:00:00+00:00,1813
2024-03-14T04:00:00+00:00,1379
2024-03-12T00:00:00+00:00,1920
2024-03-14T05:00:00+00:00,1900
2024-03-14T06:00:00+00:00,1757
2024-03-14T08:00:00+00:00,3946
2024-03-14T07:00:00+00:00,3592
2024-03-14T10:00:00+00:00,2607
2024-03-14T09:00:00+00:00,2929
2024-03-14T11:00:00+00:00,2206
2024-03-14T12:00:00+00:00,9962
2024-03-14T13:00:00+00:00,9161
2024-03-14T14:00:00+00:00,7294
2024-03-14T16:00:00+00:00,4194
2024-03-14T15:00:00+00:00,5939
2024-03-14T17:00:00+00:00,2616
2024-03-14T18:00:00+00:00,2537
2024-03-14T19:00:00+00:00,2778
2024-03-14T20:00:00+00:00,1899
2024-03-14T21:00:00+00:00,5388
2024-03-14T22:00:00+00:00,638
2024-03-15T00:00:00+00:00,2212
2024-03-14T23:00:00+00:00,907
2024-03-15T01:00:00+00:00,2114
2024-03-15T02:00:00+00:00,1493
2024-03-15T03:00:00+00:00,1039
2024-03-15T04:00:00+00:00,1022
2024-03-15T05:00:00+00:00,1221
2024-03-15T07:00:00+00:00,3324
2024-03-15T06:00:00+00:00,2500
2024-03-15T09:00:00+00:00,3585
2024-03-15T08:00:00+00:00,3770
2024-03-15T11:00:00+00:00,1997
2024-03-15T10:00:00+00:00,2940
2024-03-15T12:00:00+00:00,4962
2024-03-15T14:00:00+00:00,5815
2024-03-15T13:00:00+00:00,5453
2024-03-15T15:00:00+00:00,3432
2024-03-15T17:00:00+00:00,2196
2024-03-15T18:00:00+00:00,1905
2024-03-15T19:00:00+00:00,2179
2024-03-15T20:00:00+00:00,2234
2024-03-15T21:00:00+00:00,0
2024-03-15T22:00:00+00:00,0
2024-03-15T23:00:00+00:00,0
2024-03-17T01:00:00+00:00,0
2024-03-17T00:00:00+00:00,0
2024-03-17T02:00:00+00:00,0
2024-03-17T03:00:00+00:00,0
2024-03-17T04:00:00+00:00,0
2024-03-17T05:00:00+00:00,0
2024-03-17T07:00:00+00:00,0
2024-03-17T06:00:00+00:00,0
2024-03-17T08:00:00+00:00,0
2024-03-17T09:00:00+00:00,0
2024-03-17T10:00:00+00:00,0
2024-03-17T11:00:00+00:00,0
2024-03-17T12:00:00+00:00,0
2024-03-17T13:00:00+00:00,0
2024-03-17T14:00:00+00:00,0
2024-03-17T15:00:00+00:00,0
2024-03-17T16:00:00+00:00,0
2024-03-17T17:00:00+00:00,0
2024-03-17T18:00:00+00:00,0
2024-03-17T19:00:00+00:00,0
2024-03-17T20:00:00+00:00,0
2024-03-17T21:00:00+00:00,824
2024-03-17T22:00:00+00:00,1302
2024-03-17T23:00:00+00:00,2868
2024-03-18T00:00:00+00:00,1689
2024-03-18T01:00:00+00:00,2190
2024-03-18T02:00:00+00:00,2011
2024-03-18T03:00:00+00:00,1216
2024-03-18T04:00:00+00:00,1173
2024-03-18T05:00:00+00:00,1217
2024-03-15T16:00:00+00:00,3397
2024-03-18T06:00:00+00:00,1429
2024-03-18T07:00:00+00:00,2432
2024-03-18T08:00:00+00:00,3629
2024-03-18T09:00:00+00:00,2723
2024-03-18T11:00:00+00:00,2227
2024-03-18T10:00:00+00:00,2275
2024-03-18T12:00:00+00:00,3407
2024-03-18T13:00:00+00:00,3844
2024-03-18T14:00:00+00:00,3717
2024-03-18T15:00:00+00:00,4038
2024-03-18T17:00:00+00:00,2285
2024-03-18T16:00:00+00:00,3698
2024-03-18T18:00:00+00:00,1512
2024-03-18T19:00:00+00:00,1822
2024-03-18T20:00:00+00:00,1356
2024-03-18T21:00:00+00:00,2095
2024-03-18T22:00:00+00:00,604
2024-03-19T00:00:00+00:00,1734
2024-03-18T23:00:00+00:00,969
2024-03-19T02:00:00+00:00,1469
2024-03-19T01:00:00+00:00,2208
2024-03-19T04:00:00+00:00,2691
2024-03-19T03:00:00+00:00,3698
2024-03-19T05:00:00+00:00,2169
2024-03-19T06:00:00+00:00,3324
2024-03-19T07:00:00+00:00,3412
2024-03-19T08:00:00+00:00,4724
2024-03-19T09:00:00+00:00,3249
2024-03-19T10:00:00+00:00,4324
2024-03-19T11:00:00+00:00,2549
2024-03-19T12:00:00+00:00,5187
2024-03-19T13:00:00+00:00,4486
2024-03-19T14:00:00+00:00,4499
2024-03-19T15:00:00+00:00,3280
2024-03-19T17:00:00+00:00,2374
2024-03-19T16:00:00+00:00,3080
2024-03-19T18:00:00+00:00,1663
2024-03-19T19:00:00+00:00,1724
2024-03-19T20:00:00+00:00,1525
2024-03-19T22:00:00+00:00,588
2024-03-19T21:00:00+00:00,4777
2024-03-19T23:00:00+00:00,1075
2024-03-20T00:00:00+00:00,1851
2024-03-20T01:00:00+00:00,1756
2024-03-20T02:00:00+00:00,1353
2024-03-20T03:00:00+00:00,1299
2024-03-20T04:00:00+00:00,1479
2024-03-20T06:00:00+00:00,1620
2024-03-20T07:00:00+00:00,3211
2024-03-20T08:00:00+00:00,3043
2024-03-20T09:00:00+00:00,4194
2024-03-20T10:00:00+00:00,3091
2024-03-20T11:00:00+00:00,2360
2024-03-20T12:00:00+00:00,2944
2024-03-20T14:00:00+00:00,2869
2024-03-20T13:00:00+00:00,3314
2024-03-20T15:00:00+00:00,2926
2024-03-20T16:00:00+00:00,2095
2024-03-20T17:00:00+00:00,2546
2024-03-20T18:00:00+00:00,21783
2024-03-20T20:00:00+00:00,2772
2024-03-20T19:00:00+00:00,9467
2024-03-20T21:00:00+00:00,4305
2024-03-20T22:00:00+00:00,1406
2024-03-20T23:00:00+00:00,1575
2024-03-21T00:00:00+00:00,3464
2024-03-21T02:00:00+00:00,1637
2024-03-21T01:00:00+00:00,3296
2024-03-21T03:00:00+00:00,1354
2024-03-21T04:00:00+00:00,1238
2024-03-21T05:00:00+00:00,1546
2024-03-21T06:00:00+00:00,1576
2024-03-21T07:00:00+00:00,3401
2024-03-21T08:00:00+00:00,8264
2024-03-21T09:00:00+00:00,5436
2024-03-21T10:00:00+00:00,3913
2024-03-21T11:00:00+00:00,3066
2024-03-21T12:00:00+00:00,6570
2024-03-21T13:00:00+00:00,7718
2024-03-21T14:00:00+00:00,8004
2024-03-21T15:00:00+00:00,5346
2024-03-21T16:00:00+00:00,4947
2024-03-21T17:00:00+00:00,2916
2024-03-21T19:00:00+00:00,1823
2024-03-21T18:00:00+00:00,1829
2024-03-20T05:00:00+00:00,1461
2024-03-21T20:00:00+00:00,1259
2024-03-21T21:00:00+00:00,4929
2024-03-21T22:00:00+00:00,744
2024-03-21T23:00:00+00:00,829
2024-03-22T00:00:00+00:00,1421
2024-03-22T02:00:00+00:00,2948
2024-03-22T01:00:00+00:00,2628
2024-03-22T03:00:00+00:00,1859
2024-03-22T04:00:00+00:00,1421
2024-03-22T06:00:00+00:00,2313
2024-03-22T05:00:00+00:00,2101
2024-03-22T07:00:00+00:00,3962
2024-03-22T08:00:00+00:00,4216
2024-03-22T09:00:00+00:00,3753
2024-03-22T10:00:00+00:00,2624
2024-03-22T11:00:00+00:00,2315
2024-03-22T12:00:00+00:00,5296
2024-03-22T13:00:00+00:00,4989
2024-03-22T14:00:00+00:00,4104
2024-03-22T15:00:00+00:00,3712
2024-03-22T16:00:00+00:00,2897
2024-03-22T18:00:00+00:00,1363
2024-03-22T17:00:00+00:00,1950
2024-03-22T19:00:00+00:00,1734
2024-03-22T21:00:00+00:00,0
2024-03-22T20:00:00+00:00,2307
2024-03-22T22:00:00+00:00,0
2024-03-22T23:00:00+00:00,0
2024-03-24T01:00:00+00:00,0
2024-03-24T00:00:00+00:00,0
2024-03-24T03:00:00+00:00,0
2024-03-24T02:00:00+00:00,0
2024-03-24T04:00:00+00:00,0
2024-03-24T05:00:00+00:00,0
2024-03-24T07:00:00+00:00,0
2024-03-24T08:00:00+00:00,0
2024-03-24T09:00:00+00:00,0
2024-03-24T10:00:00+00:00,0
2024-03-24T11:00:00+00:00,0
2024-03-24T12:00:00+00:00,0
2024-03-24T14:00:00+00:00,0
2024-03-24T13:00:00+00:00,0
2024-03-24T15:00:00+00:00,0
2024-03-24T16:00:00+00:00,0
2024-03-24T17:00:00+00:00,0
2024-03-24T18:00:00+00:00,0
2024-03-24T19:00:00+00:00,0
2024-03-24T20:00:00+00:00,0
2024-03-24T21:00:00+00:00,220
2024-03-24T22:00:00+00:00,541
2024-03-25T00:00:00+00:00,1431
2024-03-24T23:00:00+00:00,1137
2024-03-25T01:00:00+00:00,3585
2024-03-25T02:00:00+00:00,1997
2024-03-25T04:00:00+00:00,1386
2024-03-25T03:00:00+00:00,1559
2024-03-25T05:00:00+00:00,1748
2024-03-25T07:00:00+00:00,2359
2024-03-25T06:00:00+00:00,1874
2024-03-25T08:00:00+00:00,3190
2024-03-25T10:00:00+00:00,2082
2024-03-25T11:00:00+00:00,2339
2024-03-25T13:00:00+00:00,3135
2024-03-25T14:00:00+00:00,3440
2024-03-25T15:00:00+00:00,2605
2024-03-25T16:00:00+00:00,1694
2024-03-25T17:00:00+00:00,1564
2024-03-25T18:00:00+00:00,1169
2024-03-25T19:00:00+00:00,1278
2024-03-25T20:00:00+00:00,1213
2024-03-25T21:00:00+00:00,7769
2024-03-26T00:00:00+00:00,1027
2024-03-25T23:00:00+00:00,483
2024-03-26T01:00:00+00:00,2025
2024-03-26T02:00:00+00:00,982
2024-03-26T03:00:00+00:00,1067
2024-03-26T04:00:00+00:00,910
2024-03-25T12:00:00+00:00,2709
2024-03-26T07:00:00+00:00,3206
2024-03-26T06:00:00+00:00,1617
2024-03-26T08:00:00+00:00,3620
2024-03-26T09:00:00+00:00,3463
2024-03-26T10:00:00+00:00,3369
2024-03-26T11:00:00+00:00,3081
2024-03-26T12:00:00+00:00,4389
2024-03-26T13:00:00+00:00,3998
2024-03-26T14:00:00+00:00,4573
2024-03-26T15:00:00+00:00,4493
2024-03-26T16:00:00+00:00,2971
2024-03-26T17:00:00+00:00,1859
2024-03-26T18:00:00+00:00,1236
2024-03-26T19:00:00+00:00,1516
2024-03-26T20:00:00+00:00,1148
2024-03-26T21:00:00+00:00,2131
2024-03-26T22:00:00+00:00,578
2024-03-26T23:00:00+00:00,681
2024-03-27T02:00:00+00:00,1393
2024-03-27T00:00:00+00:00,1361
2024-03-27T01:00:00+00:00,2161
2024-03-27T03:00:00+00:00,1244
2024-03-27T04:00:00+00:00,678
2024-03-27T05:00:00+00:00,876
2024-03-27T06:00:00+00:00,1729
2024-03-27T07:00:00+00:00,3081
2024-03-27T09:00:00+00:00,4096
2024-03-27T08:00:00+00:00,3348
2024-03-27T10:00:00+00:00,3035
2024-03-27T11:00:00+00:00,2816
2024-03-27T12:00:00+00:00,3451
2024-03-27T13:00:00+00:00,3866
2024-03-27T14:00:00+00:00,3748
2024-03-27T15:00:00+00:00,3555
2024-03-27T17:00:00+00:00,2462
2024-03-27T16:00:00+00:00,2944
2024-03-27T18:00:00+00:00,1694
2024-03-27T19:00:00+00:00,1700
2024-03-27T20:00:00+00:00,830
2024-03-27T21:00:00+00:00,2982
2024-03-27T22:00:00+00:00,1797
2024-03-27T23:00:00+00:00,1323
2024-03-28T01:00:00+00:00,2099
2024-03-28T00:00:00+00:00,1923
2024-03-28T02:00:00+00:00,1915
2024-03-28T03:00:00+00:00,1384
2024-03-28T04:00:00+00:00,924
2024-03-28T06:00:00+00:00,1684
2024-03-28T05:00:00+00:00,1466
2024-03-28T07:00:00+00:00,3235
2024-03-28T08:00:00+00:00,3445
2024-03-28T10:00:00+00:00,3984
2024-03-28T09:00:00+00:00,3515
2024-03-28T11:00:00+00:00,2274
2024-03-28T12:00:00+00:00,5087
2024-03-28T15:00:00+00:00,5242
2024-03-28T14:00:00+00:00,5875
2024-03-28T16:00:00+00:00,3658
2024-03-28T17:00:00+00:00,2172
2024-03-28T18:00:00+00:00,2155
2024-03-28T19:00:00+00:00,2271
2024-03-28T20:00:00+00:00,1181
2024-03-28T21:00:00+00:00,7078
2024-03-28T22:00:00+00:00,3037
2024-03-28T23:00:00+00:00,7348
2024-03-29T00:00:00+00:00,6253
2024-03-29T01:00:00+00:00,3551
2024-03-29T02:00:00+00:00,4604
2024-03-29T03:00:00+00:00,1691
2024-03-29T04:00:00+00:00,2609
2024-03-29T05:00:00+00:00,2110
2024-03-29T06:00:00+00:00,2384
2024-03-29T07:00:00+00:00,3400
2024-03-29T08:00:00+00:00,3282
2024-03-29T09:00:00+00:00,3834
2024-03-29T10:00:00+00:00,3433
2024-03-29T11:00:00+00:00,4343
2024-03-29T12:00:00+00:00,3942
2024-03-29T13:00:00+00:00,4823
2024-03-29T14:00:00+00:00,3260
2024-03-29T15:00:00+00:00,6786
2024-03-29T16:00:00+00:00,2655
2024-03-29T17:00:00+00:00,2683
2024-03-29T18:00:00+00:00,3397
2024-03-29T19:00:00+00:00,2730
2024-03-29T20:00:00+00:00,4242
2024-03-29T21:00:00+00:00,0
2024-03-29T22:00:00+00:00,0
2024-03-29T23:00:00+00:00,0
2024-03-31T00:00:00+00:00,0
2024-03-31T01:00:00+00:00,0
2024-03-31T02:00:00+00:00,0
2024-03-31T03:00:00+00:00,0
2024-03-31T04:00:00+00:00,0
2024-03-31T05:00:00+00:00,0
2024-03-31T06:00:00+00:00,0
2024-03-31T07:00:00+00:00,0
2024-03-31T08:00:00+00:00,0
2024-03-31T09:00:00+00:00,0
2024-03-31T10:00:00+00:00,0
2024-03-31T11:00:00+00:00,0
2024-03-31T12:00:00+00:00,0
2024-03-31T13:00:00+00:00,0
2024-03-31T14:00:00+00:00,0
2024-03-31T15:00:00+00:00,0
2024-03-31T16:00:00+00:00,0
2024-03-31T17:00:00+00:00,0
2024-03-31T18:00:00+00:00,0
2024-03-31T19:00:00+00:00,0
2024-03-31T20:00:00+00:00,0
2024-03-31T21:00:00+00:00,873
2024-03-31T22:00:00+00:00,1932
2024-03-31T23:00:00+00:00,1476
2024-04-01T00:00:00+00:00,2196
2024-04-01T01:00:00+00:00,1997
2024-04-01T02:00:00+00:00,1740
2024-04-01T03:00:00+00:00,1351
2024-04-01T04:00:00+00:00,1209
2024-04-01T05:00:00+00:00,1031
2024-04-01T06:00:00+00:00,1601
2024-04-01T07:00:00+00:00,1683
2024-04-01T08:00:00+00:00,1920
2024-04-01T09:00:00+00:00,1452
2024-04-01T10:00:00+00:00,1384
2024-04-01T11:00:00+00:00,1307
2024-04-01T12:00:00+00:00,2650
2024-04-01T14:00:00+00:00,7583
2024-04-01T15:00:00+00:00,3673
2024-04-01T16:00:00+00:00,2426
2024-04-01T17:00:00+00:00,1757
2024-04-01T18:00:00+00:00,1836
2024-04-01T19:00:00+00:00,2622
2024-04-01T20:00:00+00:00,1666
2024-04-01T21:00:00+00:00,2033
2024-04-01T22:00:00+00:00,598
2024-04-02T00:00:00+00:00,2150
2024-04-01T23:00:00+00:00,1215
2024-04-02T01:00:00+00:00,2514
2024-04-02T02:00:00+00:00,1360
2024-04-02T03:00:00+00:00,907
2024-04-02T04:00:00+00:00,898
2024-04-02T05:00:00+00:00,1518
2024-04-02T06:00:00+00:00,3301
2024-04-02T07:00:00+00:00,3855
2024-04-02T08:00:00+00:00,4171
2024-04-02T09:00:00+00:00,2878
2024-04-02T10:00:00+00:00,2512
2024-04-02T11:00:00+00:00,3425
2024-04-02T12:00:00+00:00,4623
2024-04-02T13:00:00+00:00,4979
2024-04-02T14:00:00+00:00,7928
2024-04-02T15:00:00+00:00,4107
2024-04-02T16:00:00+00:00,2067
2024-04-02T17:00:00+00:00,1347
2024-04-02T18:00:00+00:00,1282
2024-04-02T19:00:00+00:00,1742
2024-04-02T20:00:00+00:00,1372
2024-04-02T21:00:00+00:00,1149
2024-04-02T22:00:00+00:00,785
2024-04-02T23:00:00+00:00,696
2024-04-03T00:00:00+00:00,1635
2024-04-03T01:00:00+00:00,1619
2024-04-03T02:00:00+00:00,906
2024-04-03T03:00:00+00:00,946
2024-04-03T04:00:00+00:00,1071
2024-04-03T05:00:00+00:00,1220
2024-04-03T06:00:00+00:00,2064
2024-04-03T07:00:00+00:00,3029
2024-04-03T08:00:00+00:00,2068
2024-04-03T09:00:00+00:00,2699
2024-04-03T10:00:00+00:00,2274
2024-04-03T11:00:00+00:00,2274
2024-04-03T12:00:00+00:00,5291
2024-04-03T13:00:00+00:00,6021
2024-04-03T14:00:00+00:00,9569
2024-04-03T15:00:00+00:00,4597
2024-04-03T16:00:00+00:00,4676
2024-04-03T17:00:00+00:00,2335
2024-04-03T18:00:00+00:00,1544
2024-04-03T19:00:00+00:00,2000
2024-04-03T20:00:00+00:00,1250
2024-04-03T21:00:00+00:00,3373
2024-04-03T22:00:00+00:00,472
2024-04-03T23:00:00+00:00,1143
2024-04-04T01:00:00+00:00,1474
2024-04-04T02:00:00+00:00,1348
2024-04-04T03:00:00+00:00,1259
2024-04-04T04:00:00+00:00,1177
2024-04-04T05:00:00+00:00,1244
2024-04-04T06:00:00+00:00,3409
2024-04-04T07:00:00+00:00,4306
2024-04-04T08:00:00+00:00,3548
2024-04-04T09:00:00+00:00,2811
2024-04-04T10:00:00+00:00,2097
2024-04-17T14:00:00+00:00,5419
2024-04-17T18:00:00+00:00,4992
2024-04-17T19:00:00+00:00,4101
2024-04-17T20:00:00+00:00,1589
2024-04-17T21:00:00+00:00,1516
2024-04-17T22:00:00+00:00,932
2024-04-17T23:00:00+00:00,727
2024-04-18T00:00:00+00:00,1474
2024-04-18T01:00:00+00:00,2324
2024-04-18T02:00:00+00:00,2656
2024-04-18T03:00:00+00:00,1584
2024-04-18T04:00:00+00:00,1131
2024-04-18T05:00:00+00:00,1700
2024-04-18T06:00:00+00:00,2467
2024-04-18T07:00:00+00:00,3875
2024-04-18T08:00:00+00:00,3260
2024-04-18T09:00:00+00:00,2154
2024-04-18T10:00:00+00:00,1946
2024-04-18T11:00:00+00:00,2351
2024-04-18T12:00:00+00:00,6344
2024-04-18T13:00:00+00:00,8329
2024-04-18T14:00:00+00:00,6261
2024-04-18T15:00:00+00:00,3519
2024-04-18T16:00:00+00:00,2601
2024-04-18T17:00:00+00:00,3123
2024-04-18T18:00:00+00:00,2745
2024-04-18T19:00:00+00:00,2209
2024-04-18T20:00:00+00:00,1033
2024-04-18T21:00:00+00:00,1731
2024-04-18T22:00:00+00:00,453
2024-04-18T23:00:00+00:00,1096
2024-04-19T00:00:00+00:00,3128
2024-04-19T01:00:00+00:00,7945
2024-04-19T02:00:00+00:00,8059
2024-04-19T03:00:00+00:00,7121
2024-04-19T04:00:00+00:00,2944
2024-04-19T05:00:00+00:00,2586
2024-04-19T06:00:00+00:00,6115
2024-04-19T07:00:00+00:00,6618
2024-04-19T08:00:00+00:00,4324
2024-04-19T09:00:00+00:00,3157
2024-04-19T10:00:00+00:00,3369
2024-04-19T11:00:00+00:00,3412
2024-04-19T12:00:00+00:00,5238
2024-04-19T13:00:00+00:00,6342
2024-04-19T14:00:00+00:00,7597
2024-04-19T15:00:00+00:00,4061
2024-04-19T16:00:00+00:00,4063
2024-04-19T17:00:00+00:00,2802
2024-04-19T18:00:00+00:00,3298
2024-04-19T19:00:00+00:00,2962
2024-04-19T20:00:00+00:00,1674
2024-04-19T21:00:00+00:00,0
2024-04-19T22:00:00+00:00,0
2024-04-19T23:00:00+00:00,0
2024-04-21T00:00:00+00:00,0
2024-04-21T01:00:00+00:00,0
2024-04-21T02:00:00+00:00,0
2024-04-21T03:00:00+00:00,0
2024-04-21T04:00:00+00:00,0
2024-04-21T05:00:00+00:00,0
2024-04-21T06:00:00+00:00,0
2024-04-21T07:00:00+00:00,0
2024-04-21T08:00:00+00:00,0
2024-04-21T09:00:00+00:00,0
2024-04-21T10:00:00+00:00,0
2024-04-21T11:00:00+00:00,0
2024-04-21T12:00:00+00:00,0
2024-04-21T13:00:00+00:00,0
2024-04-21T14:00:00+00:00,0
2024-04-21T15:00:00+00:00,0
2024-04-21T16:00:00+00:00,0
2024-04-21T17:00:00+00:00,0
2024-04-21T18:00:00+00:00,0
2024-04-21T19:00:00+00:00,0
2024-04-21T20:00:00+00:00,0
2024-04-21T21:00:00+00:00,1133
2024-04-21T22:00:00+00:00,970
2024-04-21T23:00:00+00:00,688
2024-04-22T00:00:00+00:00,2410
2024-04-22T01:00:00+00:00,2663
2024-04-22T02:00:00+00:00,977
2024-04-22T03:00:00+00:00,837
2024-04-22T04:00:00+00:00,916
2024-04-22T05:00:00+00:00,1014
2024-04-22T06:00:00+00:00,2464
2024-04-22T07:00:00+00:00,3752
2024-04-22T08:00:00+00:00,3144
2024-04-22T09:00:00+00:00,2524
2024-04-22T10:00:00+00:00,2386
2024-04-22T11:00:00+00:00,3014
2024-04-22T12:00:00+00:00,3347
2024-04-22T13:00:00+00:00,4014
2024-04-22T14:00:00+00:00,4214
2024-04-22T15:00:00+00:00,2258
2024-04-22T16:00:00+00:00,1610
2024-04-22T17:00:00+00:00,1590
2024-04-22T18:00:00+00:00,1427
2024-04-22T19:00:00+00:00,2272
2024-04-22T20:00:00+00:00,1154
2024-04-22T21:00:00+00:00,989
2024-04-23T01:00:00+00:00,1633
2024-04-23T02:00:00+00:00,1020
2024-04-23T03:00:00+00:00,1064
2024-04-23T04:00:00+00:00,697
2024-04-23T05:00:00+00:00,1368
2024-04-23T06:00:00+00:00,2347
2024-04-23T07:00:00+00:00,7017
2024-04-23T08:00:00+00:00,4178
2024-04-23T09:00:00+00:00,2741
2024-04-23T10:00:00+00:00,2357
2024-04-23T11:00:00+00:00,3473
2024-04-23T12:00:00+00:00,3309
2024-04-23T13:00:00+00:00,7136
2024-04-23T14:00:00+00:00,9562
2024-04-23T15:00:00+00:00,4514
2024-04-23T16:00:00+00:00,2455
2024-04-23T18:00:00+00:00,1189
2024-04-23T19:00:00+00:00,1429
2024-04-23T20:00:00+00:00,894
2024-04-23T21:00:00+00:00,1015
2024-04-23T22:00:00+00:00,434
2024-04-23T23:00:00+00:00,793
2024-04-24T00:00:00+00:00,1386
2024-04-24T01:00:00+00:00,2496
2024-04-24T02:00:00+00:00,1505
2024-04-24T03:00:00+00:00,1330
2024-04-24T04:00:00+00:00,832
2024-04-24T05:00:00+00:00,1236
2024-04-24T06:00:00+00:00,2589
2024-04-24T07:00:00+00:00,3029
2024-04-24T09:00:00+00:00,1943
2024-04-24T10:00:00+00:00,1457
2024-04-24T11:00:00+00:00,2004
2024-04-24T08:00:00+00:00,2521
2024-04-24T14:00:00+00:00,4753
2024-04-24T15:00:00+00:00,3255
2024-04-24T16:00:00+00:00,2328
2024-04-24T17:00:00+00:00,2038
2024-04-24T18:00:00+00:00,2425
2024-04-24T19:00:00+00:00,2305
2024-04-24T20:00:00+00:00,1692
2024-04-24T21:00:00+00:00,1391
2024-04-24T22:00:00+00:00,796
2024-04-24T23:00:00+00:00,606
2024-04-25T00:00:00+00:00,1322
2024-04-25T01:00:00+00:00,1509
2024-04-25T02:00:00+00:00,1216
2024-04-25T03:00:00+00:00,959
2024-04-25T04:00:00+00:00,648
2024-04-25T05:00:00+00:00,1018
2024-04-25T06:00:00+00:00,2945
2024-04-25T07:00:00+00:00,4018
2024-04-25T08:00:00+00:00,2574
2024-04-25T09:00:00+00:00,2148
2024-04-25T10:00:00+00:00,2037
2024-04-25T11:00:00+00:00,1773
2024-04-25T12:00:00+00:00,10707
2024-04-25T13:00:00+00:00,10257
2024-04-25T14:00:00+00:00,7813
2024-04-25T15:00:00+00:00,4073
2024-04-25T16:00:00+00:00,2701
2024-04-25T17:00:00+00:00,2994
2024-04-25T18:00:00+00:00,2835
2024-04-25T19:00:00+00:00,1741
2024-04-25T20:00:00+00:00,1117
2024-04-25T21:00:00+00:00,444
2024-04-25T22:00:00+00:00,415
2024-04-25T23:00:00+00:00,589
2024-04-26T00:00:00+00:00,1488
2024-04-26T01:00:00+00:00,1456
2024-04-26T02:00:00+00:00,1090
2024-04-26T03:00:00+00:00,1820
2024-04-26T04:00:00+00:00,834
2024-04-26T05:00:00+00:00,1183
2024-04-26T06:00:00+00:00,2570
2024-04-26T07:00:00+00:00,3363
2024-04-26T08:00:00+00:00,6386
2024-04-26T09:00:00+00:00,3094
2024-04-26T10:00:00+00:00,2360
2024-04-26T11:00:00+00:00,2900
2024-04-26T12:00:00+00:00,8821
2024-04-26T13:00:00+00:00,6962
2024-04-26T14:00:00+00:00,7438
2024-04-26T15:00:00+00:00,4706
2024-04-26T16:00:00+00:00,1999
2024-04-26T17:00:00+00:00,1366
2024-04-26T19:00:00+00:00,1767
2024-04-26T20:00:00+00:00,1951
2024-04-26T21:00:00+00:00,0
2024-04-26T22:00:00+00:00,0
2024-04-26T23:00:00+00:00,0
2024-04-28T00:00:00+00:00,0
2024-04-28T01:00:00+00:00,0
2024-04-28T02:00:00+00:00,0
2024-04-28T03:00:00+00:00,0
2024-04-28T04:00:00+00:00,0
2024-04-28T05:00:00+00:00,0
2024-04-28T06:00:00+00:00,0
2024-04-28T07:00:00+00:00,0
2024-04-28T09:00:00+00:00,0
2024-04-28T12:00:00+00:00,0
2024-04-28T13:00:00+00:00,0
2024-04-28T14:00:00+00:00,0
2024-04-28T15:00:00+00:00,0
2024-04-28T16:00:00+00:00,0
2024-04-28T17:00:00+00:00,0
2024-04-28T18:00:00+00:00,0
2024-04-28T19:00:00+00:00,0
2024-04-28T20:00:00+00:00,0
2024-04-28T21:00:00+00:00,304
2024-04-28T22:00:00+00:00,728
2024-04-28T23:00:00+00:00,1552
2024-04-29T00:00:00+00:00,1715
2024-04-29T01:00:00+00:00,3659
2024-04-29T02:00:00+00:00,1984
2024-04-29T03:00:00+00:00,1513
2024-04-29T04:00:00+00:00,7342
2024-04-29T05:00:00+00:00,5099
2024-04-29T06:00:00+00:00,3933
2024-04-29T07:00:00+00:00,9568
2024-04-29T08:00:00+00:00,5651
2024-04-29T09:00:00+00:00,3941
2024-04-29T10:00:00+00:00,2080
2024-04-29T11:00:00+00:00,2511
2024-04-29T12:00:00+00:00,3641
2024-04-29T13:00:00+00:00,4979
2024-04-29T14:00:00+00:00,4084
2024-04-29T15:00:00+00:00,2965
2024-04-29T16:00:00+00:00,3291
2024-04-29T17:00:00+00:00,2295
2024-04-29T18:00:00+00:00,2706
2024-04-29T19:00:00+00:00,3230
2024-04-29T20:00:00+00:00,1205
2024-04-29T21:00:00+00:00,641
2024-04-29T22:00:00+00:00,469
2024-04-29T23:00:00+00:00,1168
2024-04-30T00:00:00+00:00,1927
2024-04-30T01:00:00+00:00,1633
2024-04-30T02:00:00+00:00,1832
2024-04-30T03:00:00+00:00,1495
2024-04-30T04:00:00+00:00,1170
2024-04-30T05:00:00+00:00,1634
2024-04-30T06:00:00+00:00,3344
2024-04-30T07:00:00+00:00,3974
2024-04-30T08:00:00+00:00,2606
2024-04-30T09:00:00+00:00,4236
2024-04-30T10:00:00+00:00,2703
2024-04-30T11:00:00+00:00,2412
2024-04-30T12:00:00+00:00,8250
2024-04-30T13:00:00+00:00,8096
2024-04-30T14:00:00+00:00,8807
2024-04-30T15:00:00+00:00,6033
2024-04-30T16:00:00+00:00,3093
2024-04-30T18:00:00+00:00,1713
2024-04-30T19:00:00+00:00,1920
2024-04-30T20:00:00+00:00,2134
2024-04-30T21:00:00+00:00,946
2024-04-30T22:00:00+00:00,766
2024-04-30T23:00:00+00:00,1137
2024-05-01T00:00:00+00:00,1288
2024-05-01T01:00:00+00:00,960
2024-05-01T02:00:00+00:00,821
2024-05-01T03:00:00+00:00,1231
2024-05-01T04:00:00+00:00,1004
2024-05-01T05:00:00+00:00,1102
2024-05-01T06:00:00+00:00,1815
2024-05-01T07:00:00+00:00,1867
2024-05-01T08:00:00+00:00,1782
2024-05-01T09:00:00+00:00,1635
2024-05-01T10:00:00+00:00,1945
2024-05-01T11:00:00+00:00,1451
2024-05-01T12:00:00+00:00,4253
2024-05-01T13:00:00+00:00,3261
2024-05-01T14:00:00+00:00,6553
2024-05-01T15:00:00+00:00,2488
2024-05-01T17:00:00+00:00,2390
2024-05-01T18:00:00+00:00,19326
2024-05-01T19:00:00+00:00,11576
2024-05-01T20:00:00+00:00,6593
2024-05-01T21:00:00+00:00,2825
2024-05-01T22:00:00+00:00,1728
2024-05-01T23:00:00+00:00,1437
2024-05-02T00:00:00+00:00,2084
2024-05-02T01:00:00+00:00,2132
2024-05-02T02:00:00+00:00,2073
2024-05-02T03:00:00+00:00,1830
2024-05-02T04:00:00+00:00,1398
2024-05-02T05:00:00+00:00,1786
2024-05-02T06:00:00+00:00,4117
2024-05-02T07:00:00+00:00,4792
2024-05-02T08:00:00+00:00,4369
2024-05-02T10:00:00+00:00,2395
2024-05-02T12:00:00+00:00,5586
2024-05-02T13:00:00+00:00,7294
2024-05-02T14:00:00+00:00,7365
2024-05-02T15:00:00+00:00,5090
2024-05-02T16:00:00+00:00,2983
2024-05-02T17:00:00+00:00,2534
2024-05-02T18:00:00+00:00,2559
2024-05-02T19:00:00+00:00,2494
2024-05-02T21:00:00+00:00,1348
2024-05-02T22:00:00+00:00,663
2024-05-02T23:00:00+00:00,864
2024-05-03T00:00:00+00:00,1919
2024-05-03T01:00:00+00:00,2269
2024-05-03T02:00:00+00:00,1754
2024-05-03T03:00:00+00:00,1208
2024-05-03T04:00:00+00:00,1564
2024-05-03T05:00:00+00:00,1526
2024-05-03T06:00:00+00:00,3000
2024-05-03T07:00:00+00:00,3240
2024-05-03T08:00:00+00:00,2980
2024-05-03T09:00:00+00:00,2161
2024-05-03T10:00:00+00:00,2125
2024-05-03T11:00:00+00:00,2487
2024-05-03T12:00:00+00:00,12303
2024-05-03T13:00:00+00:00,12506
2024-05-03T14:00:00+00:00,14956
2024-05-03T15:00:00+00:00,5599
2024-05-03T16:00:00+00:00,3139
2024-05-03T17:00:00+00:00,1750
2024-05-03T18:00:00+00:00,1857
2024-05-03T19:00:00+00:00,2858
2024-05-03T20:00:00+00:00,1591
2024-05-03T21:00:00+00:00,0
2024-05-03T22:00:00+00:00,0
2024-05-03T23:00:00+00:00,0
2024-05-05T00:00:00+00:00,0
2024-05-05T01:00:00+00:00,0
2024-05-05T02:00:00+00:00,0
2024-05-05T03:00:00+00:00,0
2024-05-05T04:00:00+00:00,0
2024-05-05T05:00:00+00:00,0
2024-05-05T06:00:00+00:00,0
2024-05-05T07:00:00+00:00,0
2024-05-05T08:00:00+00:00,0
2024-05-05T09:00:00+00:00,0
2024-05-05T10:00:00+00:00,0
2024-05-05T11:00:00+00:00,0
2024-05-05T12:00:00+00:00,0
2024-05-05T13:00:00+00:00,0
2024-05-05T14:00:00+00:00,0
2024-05-05T15:00:00+00:00,0
2024-05-05T16:00:00+00:00,0
2024-05-05T17:00:00+00:00,0
2024-05-05T18:00:00+00:00,0
2024-05-05T19:00:00+00:00,0
2024-05-05T20:00:00+00:00,0
2024-05-05T21:00:00+00:00,260
2024-05-05T22:00:00+00:00,589
2024-05-05T23:00:00+00:00,1218
2024-05-06T00:00:00+00:00,1537
2024-05-06T01:00:00+00:00,2111
2024-05-06T02:00:00+00:00,1720
2024-05-06T03:00:00+00:00,1638
2024-05-06T04:00:00+00:00,1210
2024-05-06T05:00:00+00:00,1281
2024-05-06T06:00:00+00:00,2445
2024-05-06T07:00:00+00:00,2751
2024-05-06T08:00:00+00:00,2881
2024-05-06T09:00:00+00:00,2050
2024-05-06T10:00:00+00:00,2154
2024-05-06T11:00:00+00:00,1858
2024-05-06T12:00:00+00:00,2794
2024-05-06T13:00:00+00:00,2877
2024-05-06T14:00:00+00:00,2909
2024-05-06T15:00:00+00:00,2048
2024-05-06T16:00:00+00:00,1571
2024-05-06T17:00:00+00:00,1450
2024-05-06T18:00:00+00:00,1710
2024-05-06T19:00:00+00:00,1910
2024-05-06T20:00:00+00:00,831
2024-05-06T21:00:00+00:00,675
2024-05-06T22:00:00+00:00,297
2024-05-06T23:00:00+00:00,610
2024-05-07T00:00:00+00:00,2527
2024-05-07T01:00:00+00:00,2218
2024-05-07T02:00:00+00:00,1849
2024-05-07T03:00:00+00:00,1560
2024-05-07T04:00:00+00:00,1757
2024-05-07T05:00:00+00:00,1805
2024-05-07T06:00:00+00:00,3002
2024-05-07T07:00:00+00:00,3238
2024-05-07T08:00:00+00:00,2411
2024-05-07T09:00:00+00:00,2186
2024-05-07T10:00:00+00:00,2175
2024-05-07T11:00:00+00:00,2164
2024-05-07T12:00:00+00:00,2767
2024-05-07T13:00:00+00:00,3404
2024-05-07T14:00:00+00:00,3363
2024-05-07T15:00:00+00:00,3679
2024-05-07T16:00:00+00:00,2555
2024-05-07T17:00:00+00:00,2212
2024-05-07T18:00:00+00:00,2391
2024-05-07T19:00:00+00:00,2038
2024-05-07T21:00:00+00:00,608
2024-05-07T22:00:00+00:00,652
2024-05-07T23:00:00+00:00,771
2024-05-08T00:00:00+00:00,1805
2024-05-08T01:00:00+00:00,1870
2024-05-08T03:00:00+00:00,1672
2024-05-08T04:00:00+00:00,1455
2024-05-08T05:00:00+00:00,1187
2024-05-08T06:00:00+00:00,1999
2024-05-08T07:00:00+00:00,2680
2024-05-08T09:00:00+00:00,2546
2024-05-08T10:00:00+00:00,1887
2024-05-08T11:00:00+00:00,2342
2024-05-08T12:00:00+00:00,2719
2024-05-08T13:00:00+00:00,3049
2024-05-08T14:00:00+00:00,3222
2024-05-08T15:00:00+00:00,3092
2024-05-08T16:00:00+00:00,1855
2024-05-08T17:00:00+00:00,1708
2024-05-08T18:00:00+00:00,1362
2024-05-08T19:00:00+00:00,2206
2024-05-08T20:00:00+00:00,997
2024-05-08T21:00:00+00:00,948
2024-05-08T22:00:00+00:00,381
2024-05-08T23:00:00+00:00,584
2024-05-09T00:00:00+00:00,1200
2024-05-09T01:00:00+00:00,1988
2024-05-09T02:00:00+00:00,1418
2024-05-09T03:00:00+00:00,1435
2024-05-09T04:00:00+00:00,1189
2024-05-09T05:00:00+00:00,1424
2024-05-09T06:00:00+00:00,1806
2024-05-09T07:00:00+00:00,2776
2024-05-09T09:00:00+00:00,2098
2024-05-09T10:00:00+00:00,1941
2024-05-09T11:00:00+00:00,4342
2024-05-09T12:00:00+00:00,6649
2024-05-09T13:00:00+00:00,5615
2024-05-09T14:00:00+00:00,4459
2024-05-09T15:00:00+00:00,2751
2024-05-09T16:00:00+00:00,1768
2024-05-09T17:00:00+00:00,1994
2024-05-09T18:00:00+00:00,1405
2024-05-09T19:00:00+00:00,1858
2024-05-09T20:00:00+00:00,777
2024-05-09T21:00:00+00:00,776
2024-05-09T22:00:00+00:00,449
2024-05-09T23:00:00+00:00,604
2024-05-10T01:00:00+00:00,1461
2024-05-29T06:00:00+00:00,2632
2024-05-29T17:00:00+00:00,2868
2024-05-29T18:00:00+00:00,1410
2024-05-29T19:00:00+00:00,1924
2024-05-29T20:00:00+00:00,948
2024-05-29T21:00:00+00:00,671
2024-05-29T22:00:00+00:00,724
2024-05-29T23:00:00+00:00,834
2024-05-30T00:00:00+00:00,2146
2024-05-29T10:00:00+00:00,2288
2024-05-30T01:00:00+00:00,2314
2024-05-30T02:00:00+00:00,1688
2024-05-30T04:00:00+00:00,1971
2024-05-30T05:00:00+00:00,2232
2024-05-30T06:00:00+00:00,3401
2024-05-30T07:00:00+00:00,4401
2024-05-30T08:00:00+00:00,3581
2024-05-30T09:00:00+00:00,3294
2024-05-30T10:00:00+00:00,2395
2024-05-30T11:00:00+00:00,1913
2024-05-30T12:00:00+00:00,5891
2024-05-30T13:00:00+00:00,5022
2024-05-29T13:00:00+00:00,5479
2024-05-30T14:00:00+00:00,5201
2024-05-30T15:00:00+00:00,3540
2024-05-30T16:00:00+00:00,1895
2024-05-30T17:00:00+00:00,1308
2024-05-30T18:00:00+00:00,1387
2024-05-30T19:00:00+00:00,2097
2024-05-30T20:00:00+00:00,972
2024-05-30T21:00:00+00:00,1253
2024-05-29T15:00:00+00:00,4173
2024-05-30T22:00:00+00:00,442
2024-05-30T23:00:00+00:00,473
2024-05-31T00:00:00+00:00,1663
2024-05-31T01:00:00+00:00,2215
2024-05-29T12:00:00+00:00,4572
2024-05-31T03:00:00+00:00,2087
2024-05-31T02:00:00+00:00,1767
